Date,StartTime,Duration,Activity,ActivityType,LogType,Steps,Distance,ElevationGain,Calories,SedentaryMinutes,LightlyActiveMinutes,FairlyActiveMinutes,VeryActiveMinutes,AverageHeartRate,OutOfRangeHeartRateMinutes,FatBurnHeartRateMinutes,CardioHeartRateMinutes,PeakHeartRateMinutes
1/2/2017,8:53:12,1433000,Walk,90013,auto_detected,2299,0,18.288,167,0,3,7,13,81,23,0,0,0
1/3/2017,8:34:52,1280000,Walk,90013,auto_detected,1848,0,15.24,140,2,19,0,0,87,15,7,0,0
1/4/2017,8:30:11,1178000,Walk,90013,auto_detected,2017,0,9.144,152,0,0,2,17,94,9,9,0,0
1/4/2017,13:40:49,1125000,Walk,90013,auto_detected,2008,0,9.144,162,0,1,0,18,109,1,15,2,0
1/5/2017,0:09:43,922000,Walk,90013,auto_detected,1682,0,15.24,178,0,0,1,15,148,0,2,2,7
1/6/2017,16:58:16,1614000,Run,90009,tracker,4384,4.846559,27.737,361,0,0,0,27,152,0,1,17,9
1/6/2017,21:13:57,1382000,Walk,90013,auto_detected,2420,0,6.045,186,0,0,3,20,95,11,9,2,0
1/7/2017,16:13:04,1849000,Walk,90013,auto_detected,1731,0,0,202,3,5,9,13,101,7,18,1,1
1/8/2017,12:46:36,3067000,Run,90009,tracker,8099,9.023919,50.597,672,0,0,1,49,152,0,1,31,18
1/9/2017,21:50:15,1178000,Walk,90013,auto_detected,1964,0,24.028,138,0,0,8,11,87,11,5,0,0
1/10/2017,14:02:12,1946000,Walk,90013,auto_detected,3012,0,15.24,243,0,3,4,25,92,10,15,1,0
1/10/2017,17:10:18,2183000,Run,90009,tracker,5979,6.485649,45.11,466,0,0,0,36,147,1,1,34,1
1/12/2017,19:55:30,1588000,Walk,90013,auto_detected,2775,0,12.192,214,0,1,2,23,105,6,16,2,0
1/13/2017,18:10:20,1935000,Run,90009,tracker,5225,5.763269,42.367,414,0,0,0,31,150,0,1,25,5
1/14/2017,9:54:16,1774000,Run,90009,tracker,4739,5.270679,59.436,378,0,0,0,28,151,0,0,22,6
1/14/2017,16:52:55,921000,Walk,90013,auto_detected,1224,0,0,113,0,0,7,9,97,4,12,0,0
1/14/2017,19:17:08,3328000,Walk,90013,auto_detected,4041,0,0,353,5,11,5,34,92,23,31,0,0
1/15/2017,4:24:07,1330000,Walk,90013,auto_detected,1895,0,0,145,1,11,1,9,87,12,10,0,0
1/15/2017,5:37:59,7276000,Run,90009,tracker,19329,21.108029,46.634,1565,0,0,1,115,153,1,1,66,48
1/15/2017,8:02:34,922000,Walk,90013,auto_detected,1455,0,0,109,0,0,2,13,94,7,8,0,0
1/15/2017,8:38:24,1997000,Walk,90013,auto_detected,2399,0,0,213,7,1,3,22,90,17,11,2,0
1/15/2017,21:44:20,922000,Walk,90013,auto_detected,1448,0,12.192,129,0,0,1,14,106,1,9,2,0
1/16/2017,20:40:46,2253000,Walk,90013,auto_detected,4049,0,39.624,300,0,3,7,28,89,24,11,2,0
1/19/2017,21:52:55,1588000,Walk,90013,auto_detected,2584,0,9.144,225,0,1,5,21,104,8,12,6,0
1/21/2017,9:10:54,1382000,Walk,90013,auto_detected,2022,0,0,165,0,5,4,14,90,11,8,1,0
1/21/2017,11:13:47,5990000,Walk,90013,auto_detected,6999,0,9.144,613,9,20,29,41,86,69,23,6,0
1/22/2017,18:37:06,2407000,Walk,90013,auto_detected,3224,0,21.336,255,0,21,1,18,82,28,11,0,0
1/23/2017,13:43:09,1280000,Walk,90013,auto_detected,2268,0,12.192,175,0,1,1,19,99,5,12,1,0
1/23/2017,18:36:48,2199000,Run,90009,tracker,6027,6.577409,42.672,484,0,0,1,36,149,0,1,32,4
1/24/2017,19:47:57,2151000,Walk,90013,auto_detected,3498,0,27.432,283,0,2,6,27,99,9,24,0,1
1/25/2017,19:07:58,2121000,Run,90009,tracker,5624,6.124329,48.463,466,0,0,1,35,149,0,1,29,6
1/26/2017,8:38:07,1178000,Walk,90013,auto_detected,1898,0,14.478,194,0,1,3,15,124,1,10,1,6
1/27/2017,17:34:39,2934000,Run,90009,tracker,7884,8.582869,64.008,643,0,0,0,49,152,0,1,35,13
1/28/2017,8:35:35,972000,Walk,90013,auto_detected,1502,0,16.967,120,1,0,3,12,100,3,11,0,0
1/28/2017,19:03:37,1075000,Walk,90013,auto_detected,891,0,0,103,0,8,4,5,96,7,8,2,0
1/28/2017,22:19:02,6042000,Walk,90013,auto_detected,6558,0,12.192,593,9,37,9,45,92,46,50,1,0
1/29/2017,9:56:13,1075000,Walk,90013,auto_detected,1747,0,3.048,136,0,0,3,14,101,4,8,0,0
1/29/2017,14:00:17,1843000,Walk,90013,auto_detected,2105,0,0,249,4,7,3,16,119,5,7,15,0
1/31/2017,18:01:22,2187000,Run,90009,tracker,5969,6.543269,42.062,457,0,0,0,36,145,0,0,36,0
2/1/2017,18:03:56,1075000,Walk,90013,auto_detected,1981,0,6.096,139,0,0,2,16,93,7,11,0,0
2/3/2017,20:56:20,1332000,Walk,90013,auto_detected,2276,0,0,166,0,1,6,15,96,10,11,1,0
2/5/2017,12:26:22,1705000,Run,90009,tracker,4731,5.564169,39.319,359,0,0,0,28,147,0,1,25,2
2/5/2017,19:54:03,2714000,Walk,90013,auto_detected,4733,0,51.816,360,0,2,6,37,102,9,30,1,0
2/6/2017,19:11:06,2781000,Run,90009,tracker,7693,8.506749,51.511,613,0,0,0,46,150,0,1,33,13
2/7/2017,19:22:26,1923000,Treadmill,20049,tracker,5105,5.68313,6.401,417,0,0,1,31,155,0,2,8,22
2/8/2017,18:06:38,2870000,Run,90009,tracker,7619,8.555759,65.227,629,0,0,0,47,154,0,1,20,26
2/10/2017,17:59:55,2357000,Treadmill,20049,tracker,6027,6.62793,8.839,502,0,1,0,39,145,2,2,19,17
2/11/2017,12:04:47,1075000,Walk,90013,auto_detected,1524,0,18.288,119,1,16,0,0,87,10,8,0,0
2/11/2017,15:47:58,3546000,Run,90009,tracker,9717,10.776489,73.762,796,0,0,0,60,152,0,1,39,20
2/12/2017,9:17:06,1178000,Walk,90013,auto_detected,1642,0,17.475,126,2,10,2,5,84,9,9,0,0
2/13/2017,17:45:53,1806000,Run,90009,tracker,4936,5.618319,36.881,390,0,0,1,29,147,0,0,28,1
2/14/2017,20:06:32,1177000,Walk,90013,auto_detected,2062,0,6.096,147,0,1,4,15,88,13,7,0,0
2/16/2017,21:57:29,1331000,Walk,90013,auto_detected,2010,0,14.224,181,3,9,1,9,99,7,9,0,4
2/18/2017,16:38:05,542000,Run,90009,tracker,1458,1.659929,21.946,113,0,0,0,9,138,1,1,8,0
2/18/2017,16:49:06,1195000,Treadmill,20049,tracker,3105,3.44433,3.353,268,0,0,0,20,152,0,2,7,11
2/18/2017,17:15:40,1207000,Weights,2131,tracker,295,0,9.754,196,0,0,0,20,129,0,7,13,0
2/18/2017,17:40:10,586000,Run,90009,tracker,1574,1.687549,15.85,121,0,0,0,9,152,0,0,3,6
2/19/2017,8:59:41,1435000,Walk,90013,auto_detected,2414,0,18.288,215,0,2,5,16,91,5,3,2,4
2/19/2017,9:22:56,1547000,Treadmill,20049,tracker,3516,3.7797,3.962,296,0,0,2,23,137,0,5,18,2
2/19/2017,9:49:14,1587000,Weights,2131,tracker,469,0,8.23,188,0,1,7,18,111,1,25,0,0
2/19/2017,10:18:11,1691000,Walk,90013,auto_detected,2494,0,18.288,202,1,3,3,21,99,7,21,0,0
2/20/2017,18:33:29,1714000,Treadmill,20049,tracker,4610,5.32442,4.267,374,0,0,0,29,147,0,0,28,1
2/20/2017,20:21:58,1688000,Walk,90013,auto_detected,2635,0,21.336,231,0,4,4,20,96,6,11,1,2
2/21/2017,18:03:15,2851000,Run,90009,tracker,7705,8.867089,53.645,648,0,0,0,47,153,0,1,24,23
2/22/2017,18:46:24,922000,Walk,90013,auto_detected,1297,0,0,104,0,2,3,10,94,6,8,0,0
2/23/2017,21:01:36,1536000,Walk,90013,auto_detected,2215,0,0,167,0,7,4,14,82,21,4,0,0
2/25/2017,9:08:17,1025000,Walk,90013,auto_detected,1591,0,18.288,140,0,2,2,13,104,2,8,0,1
2/26/2017,8:52:30,1127000,Walk,90013,auto_detected,1889,0,15.24,189,0,1,2,16,127,1,11,1,5
2/27/2017,22:09:07,922000,Walk,90013,auto_detected,1377,0,6.096,115,0,2,1,12,103,3,12,0,0
3/1/2017,7:54:57,1178000,Walk,90013,auto_detected,1608,0,15.24,125,3,16,0,0,87,12,7,0,0
3/2/2017,18:09:48,1228000,Walk,90013,auto_detected,2116,0,9.144,171,0,1,0,19,100,7,7,2,0
3/4/2017,10:10:14,1280000,Walk,90013,auto_detected,1951,0,15.24,161,0,4,1,16,87,13,8,0,0
3/4/2017,13:00:09,11000,Run,90009,tracker,0,0,0,0,0,0,0,0,95,0,0,0,0
3/4/2017,13:00:35,2825000,Run,90009,tracker,7724,8.545609,71.018,649,0,0,0,47,153,0,1,30,17
3/5/2017,10:13:14,1075000,Walk,90013,auto_detected,1611,0,18.288,143,0,3,2,13,105,2,10,1,0
3/5/2017,17:08:27,2079000,Run,90009,tracker,5668,6.54775,67.666,466,0,0,0,35,149,0,1,28,6
3/6/2017,18:30:19,1792000,Walk,90013,auto_detected,3117,0,42.672,269,0,3,2,25,105,5,10,2,3
3/6/2017,21:45:43,1280000,Walk,90013,auto_detected,2126,0,9.144,178,0,1,1,19,98,9,10,2,1
3/7/2017,7:16:46,1932000,Treadmill,20049,tracker,4936,5.34422,5.791,412,0,0,0,32,149,3,1,14,13
3/7/2017,7:52:26,1164000,Weights,2131,tracker,390,0,18.288,185,0,0,1,18,127,0,7,12,0
3/7/2017,18:15:23,1025000,Walk,90013,auto_detected,1749,0,9.144,160,0,1,1,15,114,4,3,9,0
3/8/2017,14:59:34,1177000,Walk,90013,auto_detected,1175,0,6.096,116,2,17,0,0,96,10,8,1,0
3/8/2017,17:47:49,2193000,Run,90009,tracker,5835,6.702859,98.45,500,0,0,0,37,152,0,0,17,18
3/9/2017,7:59:22,1542000,Treadmill,20049,tracker,4182,4.75008,4.572,362,0,0,0,26,155,0,1,9,16
3/9/2017,8:30:15,1718000,Weights,2131,tracker,577,0,11.278,294,0,0,0,28,134,0,5,23,0
3/10/2017,7:50:21,973000,Walk,90013,auto_detected,1537,0,12.192,127,0,2,1,13,99,6,10,0,0
3/10/2017,18:35:10,2611000,Walk,90013,auto_detected,4707,0,24.384,335,0,1,8,34,88,24,19,0,0
3/11/2017,8:20:20,2610000,Walk,90013,auto_detected,2951,0,6.096,237,11,11,6,15,85,26,17,0,0
3/11/2017,21:20:18,1638000,Walk,90013,auto_detected,2632,0,9.144,187,0,4,4,19,86,19,8,0,0
3/12/2017,9:10:27,1746000,Walk,90013,auto_detected,2761,0,9.144,241,2,2,2,23,112,7,15,1,3
3/12/2017,15:13:11,1280000,Walk,90013,auto_detected,1185,0,0,107,3,18,0,0,84,17,3,0,0
3/12/2017,15:53:19,921000,Walk,90013,auto_detected,1311,0,3.048,99,1,2,3,9,93,4,11,0,0
3/12/2017,19:36:02,1945000,Walk,90013,auto_detected,2475,0,6.096,203,4,3,9,16,94,16,15,0,0
3/12/2017,21:08:11,1587000,Walk,90013,auto_detected,2353,0,0,174,1,2,5,18,92,13,12,0,0
3/12/2017,22:29:15,922000,Walk,90013,auto_detected,1242,0,3.048,91,0,3,8,4,89,11,4,0,0
3/13/2017,8:24:54,2098000,Walk,90013,auto_detected,3025,0,6.096,230,2,11,2,19,92,14,21,0,0
3/13/2017,13:46:37,2918000,Walk,90013,auto_detected,4112,0,9.144,329,2,10,8,28,95,18,31,0,0
3/13/2017,18:16:15,2509000,Walk,90013,auto_detected,3231,0,6.096,267,7,10,5,19,89,11,13,0,0
3/14/2017,7:50:20,2151000,Walk,90013,auto_detected,3235,0,15.24,253,2,9,3,21,93,15,17,0,0
3/14/2017,11:52:41,1178000,Walk,90013,auto_detected,1861,0,0,150,0,2,2,16,97,11,6,1,0
3/14/2017,15:50:47,3277000,Walk,90013,auto_detected,3681,0,39.624,372,8,15,5,26,99,17,25,6,0
3/15/2017,9:24:07,1434000,Walk,90013,auto_detected,1750,0,15.24,143,4,19,0,0,87,10,11,0,0
3/15/2017,18:43:04,2662000,Walk,90013,auto_detected,4357,0,60.96,313,1,5,10,28,83,33,11,0,0
3/16/2017,8:49:34,2712000,Walk,90013,auto_detected,4563,0,39.624,362,0,4,7,34,96,14,22,1,0
3/17/2017,8:21:50,1280000,Walk,90013,auto_detected,2183,0,0,155,0,1,4,16,89,15,7,0,0
3/17/2017,18:04:40,1382000,Walk,90013,auto_detected,2176,0,21.336,191,0,3,3,17,99,8,8,2,1
3/21/2017,13:08:36,2049000,Walk,90013,auto_detected,3122,0,15.24,238,5,2,3,24,92,18,16,0,0
3/22/2017,21:22:16,1127000,Walk,90013,auto_detected,1751,0,6.096,134,0,2,2,15,91,11,7,0,0
3/23/2017,14:41:38,921000,Walk,90013,auto_detected,1540,0,12.192,130,0,1,2,12,109,2,11,2,0
3/24/2017,16:00:35,1741000,Walk,90013,auto_detected,2749,0,64.008,219,1,3,3,22,93,14,13,0,0
3/25/2017,11:02:21,1536000,Walk,90013,auto_detected,1794,0,15.24,184,1,3,6,15,109,2,18,3,0
3/25/2017,15:39:41,1639000,Walk,90013,auto_detected,2135,0,0,194,2,9,3,13,99,7,13,2,0
3/26/2017,7:19:13,1483000,Sport,15000,auto_detected,244,0,0,87,8,16,0,0,95,10,13,0,0
3/26/2017,11:31:47,1896000,Sport,15000,auto_detected,1100,0,0,138,0,31,0,0,82,25,7,0,0
3/28/2017,16:11:43,1741000,Walk,90013,auto_detected,1621,0,3.048,144,10,7,6,6,85,15,11,0,0
3/29/2017,13:18:56,1997000,Walk,90013,auto_detected,1896,0,18.288,180,5,28,0,0,87,19,13,0,0
3/30/2017,7:30:21,1331000,Walk,90013,auto_detected,1960,0,9.144,164,2,0,3,17,109,1,21,0,0
3/30/2017,19:32:16,2047000,Walk,90013,auto_detected,2813,0,12.192,230,2,6,4,22,93,15,18,0,0
3/31/2017,7:36:46,1382000,Walk,90013,auto_detected,2117,0,15.24,157,0,4,5,14,86,17,5,0,0
3/31/2017,19:31:52,1177000,Walk,90013,auto_detected,1875,0,9.144,148,0,2,3,14,94,9,8,2,0
4/1/2017,10:29:35,1433000,Walk,90013,auto_detected,1756,0,15.24,143,5,10,3,5,94,11,11,0,0
4/2/2017,13:03:37,1331000,Walk,90013,auto_detected,1944,0,18.288,171,2,2,3,15,106,4,9,3,0
4/4/2017,7:57:16,1025000,Walk,90013,auto_detected,1508,0,15.24,131,1,3,0,13,99,5,7,1,1
4/7/2017,8:19:55,1076000,Walk,90013,auto_detected,1632,0,15.24,126,0,1,4,12,96,3,14,0,0
4/8/2017,9:42:17,2048000,Sport,15000,auto_detected,1980,0,0,269,1,1,8,24,116,2,24,6,0
4/8/2017,11:35:47,2765000,Sport,15000,auto_detected,2617,0,0,419,0,0,3,43,123,0,27,12,0
4/8/2017,13:25:52,3686000,Sport,15000,auto_detected,2617,0,0,482,0,0,11,51,115,0,59,1,0
4/8/2017,14:52:03,1741000,Sport,15000,auto_detected,1130,0,0,204,0,3,8,18,111,1,26,2,0
4/8/2017,16:29:20,1638000,Sport,15000,auto_detected,1263,0,0,213,0,0,2,25,117,0,24,0,0
4/9/2017,9:50:25,1587000,Walk,90013,auto_detected,1724,0,15.24,140,8,18,0,0,88,17,9,0,0
4/9/2017,11:27:41,2253000,Walk,90013,auto_detected,3543,0,24.384,286,0,4,7,27,101,8,28,2,0
4/10/2017,8:22:06,1178000,Walk,90013,auto_detected,1652,0,12.192,133,2,2,1,14,95,6,11,0,0
4/10/2017,16:59:13,972000,Walk,90013,auto_detected,1228,0,0,104,0,0,12,4,96,7,9,0,0
4/10/2017,18:34:38,1993000,Run,90009,tracker,5320,5.720329,52.121,429,0,0,0,33,149,0,1,30,2
4/12/2017,14:01:44,1127000,Walk,90013,auto_detected,1869,0,9.144,166,0,0,2,17,123,0,9,3,0
4/12/2017,19:15:17,2177000,Run,90009,tracker,5952,6.654439,42.367,476,0,0,0,36,152,0,1,26,9
4/13/2017,7:55:54,1126000,Walk,90013,auto_detected,1524,0,12.192,157,2,16,0,0,111,5,6,4,2
4/13/2017,18:32:02,571000,Run,90009,tracker,1526,1.697359,24.079,116,0,0,0,9,141,1,1,8,1
4/13/2017,18:47:24,3739000,Spinning,90002,tracker,624,0.36241,15.85,747,0,0,0,62,153,0,2,28,32
4/13/2017,19:55:49,664000,Run,90009,tracker,1773,1.732679,17.983,143,0,0,0,11,150,0,1,8,3
4/13/2017,21:28:16,1075000,Walk,90013,auto_detected,1666,0,12.192,131,0,2,5,11,98,7,11,0,0
4/14/2017,17:26:05,918000,Walk,90013,auto_detected,1459,0,12.192,108,0,1,3,11,94,6,9,0,0
4/14/2017,18:39:28,1638000,Walk,90013,auto_detected,1831,0,27.432,171,4,3,8,12,96,12,14,0,0
4/15/2017,7:27:28,1024000,Walk,90013,auto_detected,1698,0,15.24,129,1,2,2,12,89,10,6,0,0
4/15/2017,9:45:49,3234000,Run,90009,tracker,8668,9.146929,101.803,701,0,0,0,52,155,0,1,23,29
4/16/2017,10:01:52,2916000,Workout,3000,tracker,3573,0,55.778,562,0,0,1,48,143,0,5,37,7
4/16/2017,10:52:42,1434000,Walk,90013,auto_detected,2033,0,24.384,224,0,0,1,23,123,0,18,5,0
4/17/2017,7:47:08,1023000,Walk,90013,auto_detected,1505,0,18.288,133,0,4,0,13,85,10,2,2,0
4/17/2017,10:07:05,1484000,Walk,90013,auto_detected,2264,0,18.288,172,1,12,1,10,94,10,13,0,0
4/17/2017,22:15:52,2710000,Run,90009,tracker,5469,6.247969,40.538,515,0,0,0,40,147,1,1,23,14
4/18/2017,6:41:47,2256000,Run,90009,tracker,6246,6.442819,42.672,494,0,0,0,38,149,0,1,32,4
4/18/2017,11:41:23,2816000,Walk,90013,auto_detected,3774,0,6.096,323,0,8,12,26,98,16,30,0,0
4/18/2017,18:13:54,1690000,Walk,90013,auto_detected,2703,0,0,201,0,3,3,23,91,14,15,0,0
4/18/2017,20:20:11,1485000,Walk,90013,auto_detected,2438,0,0,199,0,2,2,20,109,3,12,1,2
4/19/2017,7:22:42,3322000,Run,90009,tracker,9035,9.771019,165.811,732,0,0,0,54,155,0,1,22,32
4/19/2017,8:42:37,1229000,Walk,90013,auto_detected,2224,0,9.144,165,0,1,1,19,92,12,9,0,0
4/19/2017,18:04:04,1538000,Walk,90013,auto_detected,2531,0,0,178,1,0,2,22,95,10,14,0,0
4/19/2017,19:16:36,1283000,Walk,90013,auto_detected,1725,0,0,162,2,1,2,16,114,0,13,3,0
4/20/2017,22:29:56,922000,Walk,90013,auto_detected,1459,0,42.672,133,0,1,2,13,104,4,11,1,0
4/21/2017,7:01:17,3329000,Run,90009,tracker,8429,8.217119,97.536,648,0,1,0,54,139,1,3,50,0
4/21/2017,15:03:13,1230000,Walk,90013,auto_detected,1865,0,27.432,155,0,2,6,12,97,8,9,3,0
4/21/2017,17:48:46,1024000,Walk,90013,auto_detected,1318,0,6.096,105,0,3,9,5,94,5,12,0,0
4/21/2017,20:36:02,972000,Walk,90013,auto_detected,1377,0,9.144,118,0,1,5,10,101,4,9,0,0
4/21/2017,23:02:48,1843000,Walk,90013,auto_detected,2729,0,42.672,233,0,1,7,23,99,1,27,1,0
4/23/2017,8:11:56,1178000,Walk,90013,auto_detected,1803,0,15.24,142,0,4,3,13,98,4,14,0,0
4/23/2017,17:15:31,1331000,Walk,90013,auto_detected,2179,0,21.336,189,1,0,1,20,114,1,14,4,0
4/24/2017,15:25:01,972000,Walk,90013,auto_detected,1079,0,9.144,112,2,1,3,10,110,2,9,3,0
4/24/2017,22:29:07,1383000,Walk,90013,auto_detected,2224,0,30.48,189,0,2,5,16,113,4,11,5,0
4/26/2017,7:14:17,1930000,Run,90009,tracker,5134,5.050609,56.083,387,0,0,0,32,137,0,1,31,0
4/26/2017,12:36:05,2560000,Walk,90013,auto_detected,3483,0,12.192,279,2,6,15,19,85,26,11,0,0
4/27/2017,6:55:16,3242000,Run,90009,tracker,8605,8.709719,72.542,647,0,0,0,54,137,1,4,49,1
4/28/2017,7:48:31,1331000,Walk,90013,auto_detected,1566,0,15.24,132,4,18,0,0,78,15,2,0,0
4/28/2017,16:29:04,1075000,Walk,90013,auto_detected,1507,0,18.288,143,1,8,1,7,107,4,5,0,3
4/30/2017,7:49:23,2995000,Run,90009,tracker,8270,8.940389,42.672,608,0,0,0,50,142,1,1,48,0
4/30/2017,15:19:57,2356000,Walk,90013,auto_detected,3970,0,0,347,0,1,3,35,111,5,21,4,4
4/30/2017,19:16:19,2202000,Walk,90013,auto_detected,3593,0,0,273,0,0,7,29,101,3,31,1,0
5/1/2017,6:52:30,3182000,Run,90009,tracker,8604,8.930689,26.213,647,0,0,0,53,143,1,1,52,0
5/1/2017,18:44:21,2405000,Walk,90013,auto_detected,3979,0,0,331,0,0,4,36,109,0,28,4,0
5/2/2017,18:54:10,1178000,Walk,90013,auto_detected,1761,0,0,133,1,2,3,13,88,9,7,0,0
5/4/2017,14:32:13,1177000,Walk,90013,auto_detected,1193,0,6.096,109,3,16,0,0,94,10,8,0,0
5/4/2017,22:27:26,2048000,Walk,90013,auto_detected,3528,0,33.528,255,0,1,8,25,95,10,24,0,0
5/5/2017,8:30:48,1975000,Run,90009,tracker,5326,6.10841,51.511,387,0,0,0,33,135,1,1,31,0
5/5/2017,10:10:40,1281000,Walk,90013,auto_detected,1759,0,18.288,152,0,5,3,13,91,10,6,0,0
5/6/2017,7:51:27,3137000,Run,90009,tracker,8625,8.800669,135.331,624,0,0,0,52,139,1,1,50,0
5/7/2017,13:23:33,1741000,Walk,90013,auto_detected,2675,0,9.144,242,0,2,3,24,107,3,19,5,0
5/7/2017,14:22:26,1741000,Walk,90013,auto_detected,1779,0,0,210,3,10,5,11,107,10,8,8,0
5/7/2017,18:51:12,1640000,Walk,90013,auto_detected,2155,0,3.048,190,1,2,7,17,102,4,22,1,0
5/8/2017,8:05:41,1177000,Walk,90013,auto_detected,1851,0,0,145,1,0,1,17,96,10,10,0,0
5/8/2017,12:19:59,1332000,Walk,90013,auto_detected,1770,0,15.24,155,2,10,2,8,99,8,13,1,0
5/11/2017,8:33:27,1127000,Walk,90013,auto_detected,1747,0,18.288,135,0,2,6,10,90,11,4,1,0
5/11/2017,16:41:22,1897000,Run,90009,tracker,5174,5.596279,61.57,387,0,0,0,31,138,1,2,28,1
5/12/2017,18:48:51,2927000,Run,90009,tracker,7903,8.541229,67.666,625,0,0,0,49,144,0,1,48,0
5/13/2017,7:15:30,2228000,Run,90009,tracker,6144,6.625539,12.192,478,0,0,0,37,144,0,1,36,0
5/14/2017,9:24:13,2082000,Run,90009,tracker,5669,6.085819,15.24,440,0,0,0,34,146,1,1,31,2
5/14/2017,18:02:14,1076000,Sport,15000,auto_detected,840,0,0,108,0,1,15,2,99,0,18,0,0
5/15/2017,15:23:06,1331000,Walk,90013,auto_detected,1457,0,0,147,0,4,8,10,97,5,17,0,0
5/15/2017,19:45:56,2287000,Run,90009,tracker,6317,6.637949,48.463,489,0,0,0,39,141,0,0,38,0
5/17/2017,7:39:46,1074000,Walk,90013,auto_detected,1684,0,12.192,130,0,17,0,0,90,11,6,0,0
5/17/2017,15:17:10,1535000,Walk,90013,auto_detected,1886,0,9.144,161,1,4,7,13,89,12,11,0,0
5/17/2017,19:16:35,4167000,Run,90009,tracker,11450,12.079049,93.574,889,0,0,0,70,143,0,2,67,0
5/18/2017,15:43:11,1127000,Walk,90013,auto_detected,1093,0,9.144,125,5,8,0,5,112,3,4,4,2
5/18/2017,19:10:38,1980000,Run,90009,tracker,5414,5.928779,63.398,420,0,0,0,33,143,0,1,32,0
5/19/2017,7:50:53,1382000,Walk,90013,auto_detected,2034,0,15.24,185,1,12,1,9,93,10,6,3,2
5/19/2017,13:14:09,2727000,Run,90009,tracker,7216,7.512629,89.306,593,0,0,0,45,149,0,1,38,7
5/19/2017,21:13:01,1433000,Walk,90013,auto_detected,2217,0,0,161,0,4,4,15,92,5,8,0,0
5/19/2017,23:01:23,1485000,Walk,90013,auto_detected,2365,0,30.48,191,0,2,3,20,95,9,16,0,0
5/20/2017,7:24:52,1229000,Walk,90013,auto_detected,2098,0,6.096,152,0,1,3,16,91,12,9,0,0
5/20/2017,14:34:57,2143000,Run,90009,tracker,5798,6.220179,50.292,448,0,0,0,36,140,1,1,34,0
5/21/2017,7:56:21,3414000,Run,90009,tracker,9356,9.915289,91.135,728,0,0,0,57,144,0,2,55,1
5/21/2017,9:24:46,1434000,Walk,90013,auto_detected,1790,0,15.24,140,3,20,0,0,81,22,2,0,0
5/22/2017,12:15:01,922000,Walk,90013,auto_detected,1415,0,6.096,114,2,0,1,12,105,4,11,0,0
5/22/2017,18:10:52,3174000,Walk,90013,auto_detected,5336,0,45.72,386,0,4,17,32,79,43,5,0,0
5/23/2017,6:42:26,1777000,Run,90009,tracker,4859,4.852269,60.35,374,0,0,0,30,135,1,1,28,0
5/23/2017,16:49:22,1127000,Walk,90013,auto_detected,1350,0,9.144,120,3,1,4,10,84,9,9,0,0
5/24/2017,14:31:34,1332000,Walk,90013,auto_detected,2171,0,9.144,166,1,1,2,18,94,10,12,0,0
5/24/2017,18:58:09,16000,Run,90009,tracker,0,0,0,0,0,0,0,0,82,0,0,0,0
5/24/2017,18:58:37,3758000,Run,90009,tracker,10441,11.414849,59.436,831,0,0,0,63,144,1,1,60,0
5/25/2017,13:49:21,1126000,Walk,90013,auto_detected,1762,0,6.096,154,1,0,2,15,101,4,8,0,2
5/25/2017,16:44:03,2267000,Run,90009,tracker,6154,6.451999,94.793,476,0,0,0,37,141,1,1,35,1
5/26/2017,7:29:11,1434000,Walk,90013,auto_detected,1903,0,15.24,147,2,13,3,5,85,16,8,0,0
5/26/2017,15:24:52,3973000,Run,90009,tracker,10860,11.909849,86.563,889,0,0,0,67,147,1,1,58,6
5/27/2017,11:55:26,3198000,Run,90009,tracker,8689,9.580919,63.703,667,0,0,0,53,143,1,2,48,3
5/28/2017,14:27:21,2253000,Walk,90013,auto_detected,2662,0,0,255,0,10,10,17,89,24,5,2,2
5/28/2017,17:10:20,1229000,Walk,90013,auto_detected,1361,0,0,123,2,3,6,9,93,6,11,0,0
5/28/2017,18:23:33,1675000,Run,90009,tracker,4626,4.915789,46.634,364,0,0,0,28,144,0,1,27,0
5/29/2017,9:51:18,1075000,Walk,90013,auto_detected,1563,0,18.288,136,0,3,4,11,84,11,2,2,0
5/30/2017,18:50:25,3511000,Run,90009,tracker,9156,10.012449,37.795,754,0,0,0,58,145,0,1,57,0
5/31/2017,8:15:09,1280000,Walk,90013,auto_detected,1314,0,6.096,116,3,9,3,6,84,17,4,0,0
5/31/2017,18:56:47,3300000,Run,90009,tracker,8855,9.674789,46.634,710,0,0,0,55,145,0,1,53,1
6/1/2017,8:10:19,922000,Walk,90013,auto_detected,1324,0,6.096,104,1,2,1,11,78,10,2,0,0
6/1/2017,17:46:26,2416000,Run,90009,tracker,6079,6.862809,31.09,499,0,0,0,40,142,0,1,38,0
6/1/2017,18:50:29,1332000,Walk,90013,auto_detected,1798,0,0,141,0,4,9,9,91,14,8,0,0
6/1/2017,21:30:04,1177000,Walk,90013,auto_detected,1569,0,0,163,0,1,5,13,112,1,11,4,1
6/2/2017,6:37:18,3623000,Run,90009,tracker,9301,10.213859,41.453,754,0,0,1,59,143,1,3,56,0
6/2/2017,21:57:30,1333000,Walk,90013,auto_detected,2127,0,24.384,188,0,2,0,20,104,5,12,2,1
6/3/2017,7:18:03,5254000,Run,90009,tracker,14066,16.223499,138.684,1176,0,0,0,87,150,1,2,54,30
6/3/2017,10:25:04,1280000,Walk,90013,auto_detected,1833,0,18.288,146,0,14,2,5,83,15,6,0,0
6/3/2017,19:13:01,2547000,Run,90009,tracker,5654,5.849749,15.85,463,1,1,1,39,128,3,8,32,0
6/3/2017,20:47:09,1228000,Walk,90013,auto_detected,1465,0,0,130,1,19,0,0,92,11,8,0,0
6/4/2017,8:48:13,2918000,Walk,90013,auto_detected,2986,0,0,276,10,22,6,10,82,35,6,0,4
6/4/2017,12:50:33,1536000,Walk,90013,auto_detected,1955,0,0,188,2,4,2,17,98,12,7,3,2
6/4/2017,15:43:47,1844000,Walk,90013,auto_detected,2744,0,0,223,0,2,5,23,95,7,12,1,0
6/5/2017,15:47:39,1024000,Walk,90013,auto_detected,1283,0,6.096,114,2,15,0,0,91,8,7,1,0
6/5/2017,18:52:10,3194000,Run,90009,tracker,8642,9.596029,61.265,662,0,0,0,53,140,1,3,49,1
6/6/2017,7:18:39,1330000,Walk,90013,auto_detected,2333,0,6.096,205,0,1,1,20,104,7,6,1,5
6/6/2017,20:05:24,3198000,Run,90009,tracker,7630,7.867339,22.25,649,0,1,3,49,143,1,11,23,19
6/7/2017,15:08:24,1844000,Walk,90013,auto_detected,2265,0,0,190,0,18,3,9,83,22,6,1,0
6/8/2017,18:38:38,3372000,Run,90009,tracker,9025,9.673279,82.296,688,0,0,0,56,139,0,4,52,0
6/8/2017,20:24:33,1794000,Walk,90013,auto_detected,2196,0,9.144,188,0,12,4,14,88,21,9,0,0
6/9/2017,18:11:16,3372000,Treadmill,20049,tracker,8615,9.86835,6.096,656,1,0,0,52,144,0,1,37,14
6/9/2017,18:34:34,3193000,Run,90009,manual,8270,9.817,3.048,699,0,0,0,53,146,2,15,21,14
6/10/2017,6:38:17,2890000,Run,90009,tracker,7481,7.57268,39.624,557,0,0,1,47,134,0,4,44,0
6/10/2017,18:15:45,3482000,Walk,90013,auto_detected,3792,0,12.192,332,9,16,8,25,91,32,26,0,0
6/11/2017,15:21:02,5490000,Run,90009,tracker,15199,16.718069,142.951,1177,0,0,0,91,146,0,2,89,1
6/12/2017,17:02:24,1023000,Walk,90013,auto_detected,1496,0,15.24,119,1,3,1,12,86,12,5,0,0
6/12/2017,21:27:46,3738000,Walk,90013,auto_detected,5970,0,48.768,437,2,9,10,41,88,39,23,1,0
6/13/2017,18:25:39,4310000,Run,90009,tracker,11108,11.95339,188.062,945,0,0,0,72,146,0,2,62,9
6/14/2017,9:25:52,1075000,Walk,90013,auto_detected,1227,0,6.096,101,0,17,0,0,79,16,2,0,0
6/14/2017,19:48:22,1899000,Run,90009,tracker,4855,5.054109,54.864,369,0,0,0,32,134,0,2,29,0
6/15/2017,7:20:52,1536000,Walk,90013,auto_detected,2204,0,3.048,182,1,8,1,15,85,13,4,1,0
6/15/2017,21:55:50,1648000,Walk,90013,tracker,2903,2.27375,24.384,261,0,0,2,26,109,2,19,4,2
6/16/2017,8:07:23,1178000,Walk,90013,auto_detected,2028,0,9.144,229,0,0,2,17,158,1,1,1,12
6/16/2017,19:31:48,3900000,Run,90009,tracker,10689,11.941359,70.104,823,0,0,0,65,143,0,5,54,6
6/17/2017,7:14:06,3916000,Run,90009,tracker,10772,12.8851,42.672,917,0,0,0,65,159,0,1,17,48
6/17/2017,9:57:55,1330000,Walk,90013,auto_detected,1880,0,15.24,146,0,22,0,0,84,17,6,0,0
6/18/2017,9:07:08,1383000,Walk,90013,auto_detected,1962,0,15.24,157,2,11,1,9,90,12,10,0,0
6/18/2017,16:42:12,2250000,Run,90009,tracker,6087,6.58794,44.907,457,0,0,0,37,144,0,1,36,0
6/18/2017,18:29:28,1333000,Walk,90013,auto_detected,2029,0,0,192,1,0,4,17,120,0,8,2,3
6/18/2017,22:22:27,1229000,Walk,90013,auto_detected,1794,0,0,138,0,3,3,14,92,7,12,0,0
6/19/2017,21:35:57,1382000,Walk,90013,auto_detected,2365,0,18.288,183,0,1,3,19,99,7,14,0,0
6/20/2017,7:42:03,3144000,Run,90009,tracker,8321,8.77984,70.205,613,0,0,0,51,136,1,2,47,0
6/20/2017,22:59:57,1333000,Walk,90013,auto_detected,1438,0,0,122,2,20,0,0,76,21,1,0,0
6/21/2017,17:03:02,1178000,Walk,90013,auto_detected,1354,0,45.72,128,1,2,9,7,93,9,10,0,0
6/22/2017,17:40:45,1434000,Walk,90013,auto_detected,1534,0,12.192,134,5,18,0,0,82,15,8,0,0
6/24/2017,9:34:43,2189000,Run,90009,tracker,5814,6.4569,33.528,460,0,0,0,37,141,1,1,33,0
6/24/2017,11:55:13,924000,Walk,90013,auto_detected,1358,0,0,105,0,3,2,10,90,7,6,1,0
6/25/2017,15:07:41,5889000,Walk,90013,auto_detected,7600,0,42.672,815,12,10,8,68,109,32,21,11,20
6/25/2017,17:06:19,1177000,Walk,90013,auto_detected,1623,0,0,137,1,2,2,14,89,5,7,0,0
6/25/2017,18:08:36,1997000,Walk,90013,auto_detected,2529,0,0,247,1,3,10,19,104,11,16,6,0
6/26/2017,8:18:57,2362000,Run,90009,tracker,6423,7.12037,48.768,483,0,0,0,39,139,1,1,37,0
6/26/2017,19:12:58,922000,Walk,90013,auto_detected,1422,0,3.048,126,0,2,1,13,110,2,14,0,0
6/27/2017,8:36:57,1124000,Walk,90013,auto_detected,1844,0,18.288,165,0,2,1,16,102,11,3,1,3
6/27/2017,18:31:19,2778000,Run,90009,tracker,7547,8.403059,61.976,570,0,0,0,45,143,0,2,41,2
6/28/2017,18:44:57,4148000,Run,90009,tracker,11605,13.098809,54.864,940,0,0,0,69,157,0,1,28,39
6/29/2017,12:29:05,973000,Walk,90013,auto_detected,1533,0,6.096,156,2,0,0,14,131,2,3,2,3
6/29/2017,17:58:08,2060000,Run,90009,tracker,5684,6.448509,33.528,436,0,0,0,34,147,0,1,32,2
6/30/2017,7:40:14,1075000,Walk,90013,auto_detected,1714,0,6.096,123,0,1,4,12,86,15,3,0,0
6/30/2017,18:34:14,2899000,Run,90009,tracker,7825,8.84697,56.997,576,0,0,0,46,145,1,1,39,6
7/1/2017,17:02:07,2265000,Run,90009,tracker,6039,6.75733,82.296,440,0,0,0,36,142,1,1,34,1
7/2/2017,11:08:14,4297000,Run,90009,tracker,11813,13.471439,100.177,956,0,0,0,70,156,0,1,32,37
7/2/2017,17:55:31,1177000,Walk,90013,auto_detected,1434,0,36.576,152,1,6,1,11,110,2,11,5,0
7/3/2017,8:05:27,2304000,Walk,90013,auto_detected,3464,0,30.48,358,4,11,1,22,121,8,12,4,13
7/3/2017,11:07:12,1741000,Walk,90013,auto_detected,2957,0,27.432,218,0,2,3,24,99,3,24,0,0
7/3/2017,22:13:13,2800000,Run,90009,tracker,4640,4.90445,12.192,337,0,0,0,30,133,1,4,24,0
7/4/2017,6:50:31,6139000,Run,90009,tracker,15010,14.50902,519.887,1196,0,0,0,93,150,0,1,62,29
7/4/2017,15:09:06,1434000,Walk,90013,auto_detected,2427,0,9.144,164,0,4,3,16,92,13,10,0,0
7/4/2017,17:14:34,1229000,Walk,90013,auto_detected,1900,0,36.576,149,0,8,4,8,92,12,9,0,0
7/5/2017,7:16:50,1638000,Walk,90013,auto_detected,2421,0,15.24,198,1,5,3,18,84,9,3,1,1
7/5/2017,17:41:11,1957000,Run,90009,tracker,5173,5.2759,28.956,347,0,0,0,31,133,0,2,29,0
7/6/2017,17:49:40,4834000,Run,90009,tracker,13083,14.7337,69.9,992,0,0,0,79,144,0,2,76,0
7/7/2017,7:32:11,1127000,Walk,90013,auto_detected,1802,0,3.048,182,0,0,1,17,126,1,5,3,6
7/7/2017,19:25:16,3869000,Run,90009,tracker,10128,11.775049,48.463,808,0,0,0,60,155,0,4,27,30
7/8/2017,19:46:25,2191000,Run,90009,tracker,5553,5.94269,49.225,386,0,0,0,33,140,0,2,31,0
7/9/2017,8:29:23,1945000,Walk,90013,auto_detected,2886,0,21.336,236,3,3,5,21,96,10,17,0,3
7/9/2017,17:26:55,2903000,Run,90009,tracker,7230,7.807469,53.543,548,0,0,0,44,144,0,1,43,0
7/10/2017,14:06:54,3379000,Walk,90013,auto_detected,5014,0,9.144,519,4,5,4,43,121,14,6,6,19
7/10/2017,16:26:51,973000,Walk,90013,auto_detected,1239,0,6.096,116,1,15,0,0,89,8,4,1,0
7/10/2017,22:13:31,2677000,Run,90009,tracker,4469,5.16869,0,309,2,0,0,25,135,2,2,23,0
7/11/2017,7:46:46,1177000,Walk,90013,auto_detected,1739,0,15.24,132,0,1,7,11,81,17,3,0,0
7/11/2017,19:57:02,4199000,Run,90009,tracker,8096,9.02793,15.24,735,1,0,0,57,150,1,2,31,24
7/12/2017,13:54:59,1588000,Walk,90013,auto_detected,1745,0,9.144,145,5,13,0,8,80,19,8,0,0
7/12/2017,17:51:39,3879000,Run,90009,tracker,10364,11.32541,79.248,774,0,0,0,62,145,0,1,60,1
7/12/2017,21:40:55,1586000,Walk,90013,auto_detected,1600,0,12.192,149,4,8,8,6,93,13,14,0,0
7/13/2017,8:09:49,1229000,Walk,90013,auto_detected,1719,0,15.24,132,1,19,0,0,81,13,4,0,0
7/13/2017,18:36:48,2294000,Run,90009,tracker,6073,6.461239,39.624,438,1,0,0,36,138,0,2,35,0
7/14/2017,12:57:50,1075000,Walk,90013,auto_detected,1909,0,12.192,146,0,1,1,16,102,4,12,0,0
7/14/2017,18:09:16,2062000,Run,90009,tracker,5504,6.06153,57.454,406,0,0,0,34,139,0,2,31,0
7/15/2017,7:11:20,5345000,Run,90009,tracker,13233,16.15608,5.537,1066,0,0,1,77,155,1,1,32,44
7/15/2017,20:23:42,1280000,Walk,90013,auto_detected,2103,0,0,191,0,0,3,18,109,3,7,4,2
7/15/2017,22:48:46,1332000,Walk,90013,auto_detected,2168,0,30.48,176,0,2,0,20,86,9,8,0,0
7/16/2017,10:07:26,1331000,Walk,90013,auto_detected,1846,0,18.288,146,2,3,3,14,84,16,3,0,0
7/16/2017,16:56:15,3977000,Run,90009,tracker,10494,11.50657,77.724,792,0,0,0,63,143,1,3,59,0
7/17/2017,22:12:34,2560000,Run,90009,tracker,4799,5.25131,9.144,325,2,0,0,27,135,1,2,26,0
7/18/2017,20:00:36,1457000,Run,90009,tracker,1748,1.81423,0,131,0,0,0,11,133,0,2,7,1
7/18/2017,20:25:20,2607000,Run,90009,tracker,6209,6.80112,9.144,566,0,0,0,42,158,0,0,20,21
7/19/2017,7:04:11,1331000,Walk,90013,auto_detected,1754,0,18.288,139,2,20,0,0,79,12,2,0,0
7/19/2017,12:33:34,1280000,Walk,90013,auto_detected,1993,0,9.144,149,0,2,3,16,87,9,7,0,0
7/19/2017,17:48:41,2189000,Run,90009,tracker,5960,6.45826,45.72,423,0,0,0,36,139,1,1,35,0
7/20/2017,16:10:45,1485000,Walk,90013,auto_detected,1951,0,9.144,145,0,14,1,9,77,23,2,0,0
7/20/2017,17:16:27,2919000,Walk,90013,auto_detected,3112,0,3.048,247,12,20,3,13,74,42,6,0,0
7/20/2017,19:19:43,5465000,Run,90009,tracker,14615,16.3798,79.248,1095,0,0,0,88,144,0,1,86,0
7/21/2017,18:44:59,3269000,Run,90009,tracker,8609,10.182569,82.346,710,0,0,0,53,154,0,1,21,28
7/21/2017,20:23:46,1486000,Walk,90013,auto_detected,1939,0,3.048,177,0,5,3,16,100,6,10,3,0
7/22/2017,9:19:34,5506000,Run,90009,tracker,13841,16.14992,115.773,1100,0,0,0,84,151,0,1,52,29
7/22/2017,15:46:01,923000,Walk,90013,auto_detected,1405,0,0,111,0,2,0,13,97,4,7,0,0
7/22/2017,19:33:52,1536000,Walk,90013,auto_detected,2368,0,3.048,183,0,2,4,20,92,11,11,0,0
7/23/2017,18:39:23,2581000,Run,90009,tracker,6618,6.71035,57.912,486,0,0,0,42,135,1,4,36,0
7/24/2017,18:27:06,3648000,Bike,90001,tracker,0,22.81265,45.72,471,0,2,9,48,114,4,49,7,0
7/24/2017,22:12:54,193000,Run,90009,tracker,427,0.435359,0,31,0,0,0,3,114,0,2,1,0
7/24/2017,22:16:30,144000,Run,90009,tracker,396,0.470839,0,23,0,0,0,2,138,0,0,2,0
7/24/2017,22:19:06,2564000,Run,90009,tracker,4367,4.936659,39.217,321,0,0,0,27,135,1,3,24,0
7/25/2017,19:56:06,3378000,Run,90009,tracker,6250,7.05173,0,469,1,0,0,36,150,0,2,20,15
7/26/2017,14:19:16,1177000,Walk,90013,auto_detected,1467,0,12.192,116,3,9,2,5,87,10,9,0,0
7/26/2017,18:27:06,4444000,Run,90009,tracker,11974,13.559709,104.851,918,0,0,0,72,147,1,1,67,4
7/27/2017,7:41:12,1126000,Walk,90013,auto_detected,1689,0,12.192,128,0,2,4,12,92,5,8,0,0
7/27/2017,19:38:35,2226000,Run,90009,tracker,5891,6.436819,47.244,408,1,0,0,35,135,0,2,34,0
7/28/2017,18:56:38,4544000,Run,90009,tracker,11970,13.812809,89.611,883,1,0,0,70,143,1,4,65,2
7/29/2017,10:50:01,3054000,Run,90009,tracker,8063,8.707599,71.323,588,1,0,0,48,141,0,3,44,2
7/29/2017,14:52:41,2918000,Walk,90013,auto_detected,3021,0,3.048,294,3,16,12,17,88,25,19,1,0
7/29/2017,22:46:15,1436000,Sport,15000,auto_detected,1545,0,0,148,0,11,6,7,92,11,13,0,0
7/30/2017,16:48:38,5341000,Run,90009,tracker,14813,17.736039,98.45,1135,0,0,0,87,150,1,1,54,31
7/31/2017,22:13:49,3004000,Run,90009,tracker,5753,6.593079,46.634,418,1,0,0,34,137,1,2,32,0
8/1/2017,19:59:15,4574000,Run,90009,tracker,5903,8.227589,21.641,449,0,0,0,34,153,0,1,17,15
8/2/2017,8:00:33,1331000,Walk,90013,auto_detected,1759,0,15.24,206,2,10,1,9,122,5,4,0,9
8/2/2017,18:05:18,4788000,Run,90009,tracker,12544,13.52187,68.885,896,0,0,0,76,136,1,7,67,0
8/3/2017,12:57:06,973000,Walk,90013,auto_detected,1067,0,3.048,99,2,1,5,8,91,7,9,0,0
8/3/2017,16:11:40,1946000,Walk,90013,auto_detected,2924,0,0,212,0,2,15,15,81,26,5,0,0
8/3/2017,19:22:02,2976000,Run,90009,tracker,7966,8.595909,61.57,576,0,0,0,48,138,1,2,46,0
8/4/2017,8:02:16,1230000,Walk,90013,auto_detected,1524,0,15.24,133,4,16,0,0,80,12,5,2,0
8/4/2017,18:27:54,4105000,Run,90009,tracker,11371,13.649609,100.889,901,0,0,0,67,153,1,3,22,41
8/5/2017,6:07:43,6165000,Run,90009,tracker,16527,16.167609,195.377,1310,0,0,0,100,152,1,1,60,38
8/7/2017,8:54:48,1075000,Walk,90013,auto_detected,1758,0,3.048,211,0,0,1,17,146,1,3,1,12
8/7/2017,22:11:48,3000,Weights,2131,tracker,0,0,0,0,0,0,0,0,57,0,0,0,0
8/7/2017,22:11:58,2952000,Run,90009,tracker,5156,5.499439,44.806,383,0,0,0,34,126,2,8,21,0
8/8/2017,19:53:10,4881000,Run,90009,tracker,6467,8.76111,23.165,492,1,0,0,35,149,1,2,16,18
8/10/2017,16:14:39,1388000,Walk,90013,auto_detected,2237,0,6.096,218,1,0,0,22,119,2,12,3,4
8/10/2017,20:00:00,1382000,Walk,90013,auto_detected,2183,0,6.096,194,0,0,1,22,106,2,15,2,0
8/11/2017,8:06:11,1024000,Walk,90013,auto_detected,1728,0,3.048,152,0,0,1,16,113,1,3,2,1
8/11/2017,18:51:54,1606000,Run,90009,tracker,3971,4.259349,46.025,292,0,2,0,24,130,1,2,21,0
8/12/2017,17:38:47,2715000,Run,90009,tracker,7300,8.194949,64.922,492,1,0,0,42,136,0,2,41,0
8/13/2017,13:12:35,3177000,Run,90009,tracker,8142,9.085979,66.598,574,0,0,0,48,139,1,3,44,0
8/13/2017,15:28:15,973000,Walk,90013,auto_detected,1427,0,0,154,1,0,1,14,134,0,2,9,0
8/14/2017,21:22:39,6293000,Run,90009,tracker,10053,11.27588,128.93,760,0,0,0,63,136,2,5,54,1
8/15/2017,19:48:38,1629000,Run,90009,tracker,2060,2.42419,3.048,150,0,0,1,12,132,1,2,9,2
8/15/2017,20:19:57,2580000,Run,90009,tracker,4347,5.6651,19.558,415,0,0,0,31,154,0,1,17,13
8/16/2017,11:00:46,1484000,Walk,90013,auto_detected,2400,0,9.144,170,1,0,7,16,80,22,3,0,0
8/16/2017,18:56:20,5014000,Run,90009,tracker,13488,15.26713,79.248,980,0,0,0,81,142,0,1,80,0
8/17/2017,8:42:05,1281000,Walk,90013,auto_detected,2059,0,9.144,151,0,2,3,16,89,8,10,0,0
8/18/2017,8:18:39,1280000,Walk,90013,auto_detected,1862,0,18.288,145,2,9,2,8,80,11,1,0,1
8/18/2017,18:44:58,3545000,Run,90009,tracker,9755,11.575229,82.804,766,0,0,0,58,152,0,3,26,28
8/19/2017,8:04:35,1690000,Walk,90013,auto_detected,2635,0,27.432,190,1,2,10,15,79,20,5,0,0
8/19/2017,10:46:43,1434000,Walk,90013,auto_detected,1692,0,0,142,1,9,3,10,90,13,11,0,0
8/19/2017,21:15:38,1997000,Walk,90013,auto_detected,2229,0,12.192,185,6,2,8,17,85,21,12,0,0
8/20/2017,8:48:33,1792000,Walk,90013,auto_detected,2447,0,21.336,197,0,5,8,17,88,18,12,0,0
8/21/2017,21:31:52,1382000,Walk,90013,auto_detected,2368,0,15.24,265,0,1,0,22,145,1,2,3,14
8/22/2017,8:39:10,1178000,Walk,90013,auto_detected,1695,0,6.096,139,1,2,2,14,81,8,4,2,0
8/22/2017,19:48:49,566000,Run,90009,tracker,1404,1.64617,3.048,107,0,0,0,9,128,1,0,7,0
8/22/2017,20:17:25,2806000,Run,90009,tracker,5720,6.87122,18.288,613,0,0,0,46,159,0,1,16,27
8/23/2017,8:25:58,1433000,Walk,90013,auto_detected,1924,0,15.24,150,0,23,0,0,80,17,3,0,0
8/23/2017,18:35:12,2989000,Run,90009,tracker,7674,8.682289,57.912,531,0,0,0,46,135,0,1,45,0
8/24/2017,20:24:03,2150000,Walk,90013,auto_detected,3446,0,3.048,272,0,1,2,32,98,7,16,1,0
8/25/2017,10:28:52,1023000,Walk,90013,auto_detected,1568,0,3.048,115,1,1,1,14,83,7,6,0,0
8/25/2017,15:24:27,2261000,Run,90009,tracker,5706,8.66294,3.657,457,0,0,0,33,162,0,1,1,31
8/26/2017,0:19:03,2515000,Run,90009,tracker,7262,9.76303,21.336,603,0,0,0,41,166,0,0,1,40
8/26/2017,9:17:27,2367000,Run,90009,tracker,6915,9.18346,67.056,556,0,0,0,39,164,0,0,1,38
8/26/2017,15:40:02,2508000,Walk,90013,auto_detected,2546,0,0,219,7,24,2,8,81,23,14,0,0
8/27/2017,10:43:23,1075000,Walk,90013,auto_detected,1734,0,0,122,0,1,1,15,80,13,4,0,0
8/27/2017,11:33:45,1125000,Walk,90013,auto_detected,1814,0,3.048,129,0,0,3,15,76,18,0,0,0
8/28/2017,11:25:39,1431000,Walk,90013,auto_detected,2163,0,0,167,0,3,2,18,83,9,2,0,0
8/29/2017,8:00:24,1331000,Walk,90013,auto_detected,1692,0,15.24,142,4,18,0,0,86,12,5,0,0
8/30/2017,19:08:09,1729000,Run,90009,tracker,4568,5.041869,50.85,332,0,0,0,27,137,0,1,27,0
8/31/2017,13:45:11,1434000,Walk,90013,auto_detected,1686,0,0,137,0,23,0,0,75,16,3,0,0
9/1/2017,8:16:14,1126000,Walk,90013,auto_detected,1758,0,6.096,150,1,0,2,15,94,3,6,2,1
9/1/2017,18:54:51,2103000,Run,90009,tracker,5018,5.502559,54.864,355,0,0,0,32,129,1,8,22,0
9/2/2017,19:25:24,2084000,Run,90009,tracker,5651,6.54444,41.91,417,0,0,0,34,142,1,1,27,6
9/3/2017,19:34:51,921000,Walk,90013,auto_detected,1150,0,0,95,0,3,9,4,84,11,5,0,0
9/3/2017,20:00:03,1271000,Run,90009,tracker,3496,5.12796,15.24,289,0,0,0,20,162,0,1,1,19
9/4/2017,10:34:56,1280000,Walk,90013,auto_detected,1904,0,15.24,143,1,2,6,12,85,16,3,0,0
9/4/2017,19:24:52,2048000,Walk,90013,auto_detected,3301,0,30.48,236,1,1,11,21,88,18,16,0,0
9/5/2017,9:10:53,1229000,Walk,90013,auto_detected,2132,0,9.144,145,0,1,2,17,87,17,4,0,0
9/5/2017,21:35:52,1023000,Walk,90013,auto_detected,1738,0,3.048,174,0,0,1,16,139,0,2,2,7
9/6/2017,20:39:59,1382000,Walk,90013,auto_detected,2432,0,21.336,215,0,3,2,19,117,3,4,4,4
9/7/2017,16:07:21,920000,Walk,90013,auto_detected,1069,0,21.336,91,1,14,0,0,89,9,6,0,0
9/8/2017,12:40:26,1126000,Walk,90013,auto_detected,2005,0,6.096,159,0,1,1,17,105,4,9,2,0
9/9/2017,19:19:20,1383000,Walk,90013,auto_detected,1621,0,30.48,156,4,6,1,12,89,8,12,0,0
9/9/2017,22:49:17,1435000,Walk,90013,auto_detected,1784,0,3.048,137,1,6,9,7,80,13,6,0,0
9/10/2017,10:26:29,1535000,Walk,90013,auto_detected,1987,0,12.192,153,4,11,1,9,83,15,9,0,0
9/11/2017,7:29:25,1126000,Walk,90013,auto_detected,1715,0,15.24,120,1,2,4,11,81,17,2,0,0
9/13/2017,8:48:47,1178000,Walk,90013,auto_detected,1856,0,18.288,143,0,1,4,14,91,9,8,0,0
9/14/2017,7:52:03,1127000,Walk,90013,auto_detected,1597,0,18.288,122,2,2,2,12,87,13,5,0,0
9/14/2017,14:51:03,973000,Walk,90013,auto_detected,1440,0,13.004,128,1,0,4,11,85,9,2,0,1
9/15/2017,8:05:18,1740000,Walk,90013,auto_detected,2788,0,21.336,203,1,2,9,17,84,21,8,0,0
9/15/2017,22:18:37,1178000,Walk,90013,auto_detected,2018,0,6.096,144,0,1,3,15,88,13,7,0,0
9/16/2017,10:24:49,1740000,Walk,90013,auto_detected,2365,0,21.336,198,2,4,8,15,91,12,11,0,1
9/19/2017,22:25:28,1229000,Walk,90013,auto_detected,2046,0,15.24,157,1,0,3,16,98,4,7,0,0
9/20/2017,15:55:58,1024000,Walk,90013,auto_detected,1223,0,6.096,99,3,14,0,0,84,15,3,0,0
9/22/2017,18:50:23,1988000,Run,90009,tracker,5378,6.06618,48.209,396,0,0,0,33,139,0,1,31,0
9/23/2017,8:45:30,2150000,Walk,90013,auto_detected,3293,0,21.336,259,3,12,2,18,87,13,9,0,0
9/23/2017,11:52:22,2837000,Run,90009,tracker,7483,8.441219,52.933,569,1,0,0,44,148,1,1,29,15
9/23/2017,15:29:07,1331000,Walk,90013,auto_detected,1263,0,0,131,0,13,6,3,93,5,16,0,0
9/27/2017,14:56:44,1075000,Walk,90013,auto_detected,1586,0,6.096,118,0,7,0,11,82,12,4,0,0
9/28/2017,15:27:02,1024000,Walk,90013,auto_detected,1579,0,6.096,115,1,1,2,13,88,9,8,0,0
9/29/2017,8:30:12,1074000,Walk,90013,auto_detected,1791,0,0,202,0,1,1,15,152,3,0,2,9
9/29/2017,14:33:25,922000,Walk,90013,auto_detected,1362,0,6.096,106,0,2,3,10,94,6,9,0,0
9/30/2017,8:48:15,1126000,Walk,90013,auto_detected,1596,0,15.24,135,0,18,0,0,90,10,6,2,0
9/30/2017,12:09:38,9984000,Walk,90013,auto_detected,14040,0,307.848,1153,8,33,24,101,86,109,37,6,0
9/30/2017,15:01:09,1280000,Walk,90013,auto_detected,1937,0,3.048,167,1,2,0,18,101,2,9,3,0
9/30/2017,16:37:35,1536000,Walk,90013,auto_detected,2160,0,0,168,0,4,6,15,86,19,7,0,0
10/1/2017,12:21:10,5172000,Walk,90013,auto_detected,5768,0,0,508,10,32,8,36,84,48,27,2,0
10/3/2017,19:14:12,1792000,Walk,90013,auto_detected,2257,0,39.624,199,1,9,5,14,82,23,6,0,0
10/3/2017,23:19:57,1787000,Walk,90013,auto_detected,2334,0,3.048,171,0,13,11,5,81,24,4,0,0
10/5/2017,18:37:24,1075000,Walk,90013,auto_detected,1752,0,0,136,0,1,0,17,104,0,18,0,0
10/9/2017,10:55:51,7936000,Walk,90013,auto_detected,10638,0,341.376,860,6,62,13,51,95,54,76,0,0
10/10/2017,11:27:42,5446000,Hike,90012,tracker,6519,4.46707,188.976,730,2,9,11,68,116,7,65,19,0
10/10/2017,13:16:01,4309000,Hike,90012,tracker,5477,3.71722,187.452,626,0,0,4,65,122,0,50,19,0
10/10/2017,15:18:13,7886000,Hike,90012,tracker,11592,7.9415,185.014,1144,0,1,12,118,121,0,96,34,0
10/12/2017,7:22:06,1178000,Walk,90013,auto_detected,1247,0,6.096,100,3,16,0,0,86,9,2,0,0
10/12/2017,9:20:43,973000,Walk,90013,auto_detected,1328,0,18.288,118,0,3,2,11,98,3,10,0,0
10/13/2017,12:26:20,3533000,Walk,90013,auto_detected,4812,0,91.44,343,1,23,16,18,88,38,21,0,0
10/13/2017,13:53:22,2766000,Walk,90013,auto_detected,4147,0,243.84,357,0,9,7,30,96,20,25,0,0
10/14/2017,8:32:58,1587000,Walk,90013,auto_detected,2352,0,9.144,173,0,4,5,17,92,11,16,0,0
10/15/2017,18:11:03,1740000,Walk,90013,auto_detected,2965,0,18.288,209,2,0,4,23,89,17,10,0,0
10/17/2017,8:30:12,1076000,Walk,90013,auto_detected,1640,0,15.24,141,0,0,3,15,110,0,18,0,0
10/21/2017,18:01:08,2166000,Run,90009,tracker,5760,6.465203,46.33,460,0,0,0,36,147,0,0,25,10
10/21/2017,19:50:14,1179000,Walk,90013,auto_detected,2015,0,21.336,166,0,1,1,17,114,0,18,0,0
10/21/2017,21:39:28,1078000,Walk,90013,auto_detected,1608,0,3.048,136,0,0,2,15,106,1,17,0,0
10/22/2017,15:56:03,1075000,Walk,90013,auto_detected,1749,0,3.048,140,0,0,1,16,111,0,17,0,0
10/25/2017,19:08:15,3840000,Walk,90013,auto_detected,5241,0,3.048,460,5,5,14,40,104,14,50,0,0
10/26/2017,18:28:43,921000,Walk,90013,auto_detected,1421,0,15.24,115,0,1,2,12,106,1,15,0,0
10/27/2017,7:29:39,1228000,Walk,90013,auto_detected,1747,0,6.096,164,0,1,5,15,109,0,20,1,0
10/27/2017,18:12:34,1749000,Walk,90013,auto_detected,2375,0,6.096,198,2,2,8,17,99,8,21,0,0
10/30/2017,8:24:23,1229000,Walk,90013,auto_detected,2054,0,9.144,168,0,1,1,18,108,0,19,1,0
10/30/2017,19:15:55,2510000,Walk,90013,auto_detected,3948,0,39.624,319,0,3,6,32,104,4,38,0,0
10/31/2017,8:31:19,1331000,Walk,90013,auto_detected,2281,0,15.24,178,1,0,2,19,107,2,20,0,0
10/31/2017,15:07:20,1389000,Walk,90013,auto_detected,2153,0,21.336,188,0,2,0,21,110,1,22,0,0
10/31/2017,20:55:47,1024000,Walk,90013,auto_detected,1644,0,6.096,136,0,0,2,15,105,0,17,0,0
11/1/2017,9:00:16,1874000,Run,90009,tracker,3668,4.045046,45.415,289,0,0,0,22,148,0,0,16,6
11/1/2017,21:49:04,1433000,Walk,90013,auto_detected,2427,0,24.384,198,0,1,0,22,113,0,23,0,0
11/3/2017,10:38:45,974000,Walk,90013,auto_detected,1507,0,15.24,133,0,1,2,13,114,0,16,0,0
11/4/2017,9:42:46,1878000,Run,90009,tracker,4785,5.398906,50.902,386,1,0,0,29,147,0,1,24,5
11/4/2017,10:24:12,370000,Fitstar: Personal Trainer,31149539,fitstar,117,0,0,45,0,6,0,0,96,1,5,0,0
11/6/2017,7:32:36,1178000,Walk,90013,auto_detected,2065,0,6.096,171,0,1,1,18,107,1,17,1,1
11/7/2017,7:37:22,1433000,Walk,90013,auto_detected,2369,0,30.48,262,0,0,0,23,139,0,13,3,8
11/8/2017,20:50:13,1076000,Walk,90013,auto_detected,1573,0,6.096,134,0,1,0,16,105,2,16,0,0
11/9/2017,15:02:08,922000,Walk,90013,auto_detected,1393,0,6.096,115,1,0,2,12,106,1,14,0,0
11/10/2017,8:23:23,1536000,Walk,90013,auto_detected,1779,0,15.24,166,3,14,0,8,102,7,18,0,0
11/10/2017,11:46:26,1024000,Walk,90013,auto_detected,1536,0,9.144,133,0,1,3,13,108,0,17,0,0
11/11/2017,9:39:00,2206000,Run,90009,tracker,5937,6.47782,45.415,472,0,0,0,37,149,0,0,29,6
11/11/2017,11:25:12,1126000,Walk,90013,auto_detected,1505,0,15.24,171,1,0,1,16,117,1,11,4,2
11/11/2017,21:35:39,977000,Walk,90013,auto_detected,1432,0,0,120,0,0,2,14,100,3,13,0,0
11/12/2017,10:04:04,1433000,Walk,90013,auto_detected,2290,0,0,181,0,0,3,20,108,0,23,0,0
11/12/2017,12:10:25,3381000,Walk,90013,auto_detected,4178,0,33.528,361,9,5,5,37,98,15,41,0,0
11/13/2017,15:02:56,2304000,Walk,90013,auto_detected,3650,0,0,304,0,0,7,32,106,1,37,1,0
11/15/2017,10:08:56,2356000,Walk,90013,auto_detected,3729,0,9.144,283,1,0,6,32,98,6,34,0,0
11/19/2017,19:31:05,922000,Walk,90013,auto_detected,1346,0,12.192,113,0,0,4,11,100,1,14,0,0
11/20/2017,11:57:57,922000,Walk,90013,auto_detected,1293,0,0,111,0,1,5,9,103,2,14,0,0
11/22/2017,8:13:07,1229000,Walk,90013,auto_detected,1640,0,15.24,142,1,19,0,0,100,4,16,0,0
11/22/2017,10:53:30,1331000,Walk,90013,auto_detected,2180,0,12.192,168,0,0,2,20,101,2,20,0,0
11/22/2017,17:21:40,1485000,Walk,90013,auto_detected,2505,0,24.384,191,1,0,3,20,103,4,21,0,0
11/22/2017,18:28:13,1586000,Walk,90013,auto_detected,2582,0,21.336,202,0,1,3,22,105,0,26,0,0
11/24/2017,11:01:52,1331000,Walk,90013,auto_detected,2125,0,0,173,0,0,1,22,102,0,22,1,0
11/25/2017,11:27:05,1740000,Walk,90013,auto_detected,1901,0,3.048,180,0,4,17,8,98,2,27,0,0
11/25/2017,14:16:51,1485000,Walk,90013,auto_detected,1612,0,21.336,161,1,3,9,11,102,1,24,0,0
11/25/2017,18:02:05,1126000,Walk,90013,auto_detected,1646,0,0,132,0,0,5,13,104,0,18,0,0
11/27/2017,8:00:45,1331000,Walk,90013,auto_detected,2170,0,12.192,167,2,0,2,18,103,4,18,0,0
11/28/2017,15:24:29,922000,Walk,90013,auto_detected,1541,0,3.048,124,0,0,1,14,110,0,15,0,0
11/28/2017,21:11:42,1741000,Walk,90013,auto_detected,3074,0,30.48,234,0,1,2,26,109,2,27,0,0
11/29/2017,7:41:26,1229000,Walk,90013,auto_detected,2016,0,9.144,151,0,1,1,18,100,2,18,0,0
11/29/2017,21:18:43,1280000,Walk,90013,auto_detected,1848,0,9.144,151,0,2,5,15,98,2,20,0,0
12/1/2017,7:25:03,1752000,Run,90009,tracker,4783,5.321234,35.052,438,0,0,0,29,174,0,0,1,27
12/2/2017,16:50:09,1758000,Run,90009,tracker,4696,4.919289,48.158,375,0,0,0,29,153,0,0,17,11
12/3/2017,16:21:08,2841000,Run,90009,tracker,7747,8.540601,71.933,618,1,0,0,46,152,0,0,34,13
12/4/2017,9:45:14,973000,Walk,90013,auto_detected,1622,0,12.192,122,1,0,1,14,104,1,15,0,0
12/4/2017,13:30:49,1195000,Walk,90013,tracker,2286,1.80775,12.802,164,0,0,0,20,106,2,18,0,0
12/4/2017,19:15:25,1792000,Treadmill,20049,tracker,4756,5.305429,2.743,355,0,0,0,30,139,0,3,27,0
12/5/2017,7:29:33,1485000,Walk,90013,auto_detected,2610,0,21.336,201,0,1,1,22,109,3,22,0,0
12/5/2017,13:04:54,1794000,Run,90009,tracker,4818,5.018617,60.96,399,0,0,0,30,156,1,1,4,24
12/6/2017,8:46:32,972000,Walk,90013,auto_detected,1641,0,3.048,131,1,0,2,13,114,0,16,0,0
12/7/2017,8:52:42,1178000,Walk,90013,auto_detected,2008,0,6.096,153,0,1,0,18,104,1,19,0,0
12/7/2017,12:55:53,1126000,Walk,90013,auto_detected,1662,0,18.288,140,1,2,1,14,108,2,17,0,0
12/8/2017,8:17:58,1638000,Walk,90013,auto_detected,2849,0,27.432,217,0,2,3,23,104,2,26,0,0
12/8/2017,18:50:06,1661000,Treadmill,20049,tracker,4453,4.969203,5.486,341,0,0,0,27,146,0,0,21,6
12/9/2017,9:56:06,3043000,Run,90009,tracker,8147,8.968539,65.227,646,0,0,0,49,150,0,1,37,11
12/10/2017,17:15:04,2155000,Run,90009,tracker,5904,6.483625,41.758,460,0,0,0,35,150,0,1,29,6
12/11/2017,18:25:49,1693000,Treadmill,20049,tracker,4643,5.186234,3.353,367,0,0,0,28,150,0,0,12,16
12/12/2017,7:31:47,1024000,Walk,90013,auto_detected,1693,0,15.24,135,0,0,2,15,104,2,15,0,0
12/12/2017,17:17:59,1690000,Run,90009,tracker,4600,4.852554,67.666,351,0,0,0,29,147,0,0,26,2
12/13/2017,7:21:43,1997000,Walk,90013,auto_detected,3097,0,12.192,239,2,7,2,22,101,4,29,0,0
12/13/2017,21:25:29,1433000,Walk,90013,auto_detected,2368,0,21.336,181,0,0,3,20,102,1,23,0,0
12/14/2017,8:09:41,1280000,Walk,90013,auto_detected,2167,0,6.096,163,0,2,1,19,96,6,16,0,0
12/14/2017,18:08:35,2862000,Run,90009,tracker,7602,8.302132,68.58,584,0,0,0,46,146,0,1,44,0
12/14/2017,21:37:40,1536000,Walk,90013,auto_detected,2491,0,6.096,194,0,1,4,21,102,0,26,0,0
12/15/2017,7:28:59,1433000,Walk,90013,auto_detected,2556,0,12.192,190,0,1,0,23,102,3,21,0,0
12/15/2017,18:20:13,2267000,Run,90009,tracker,5970,6.041781,102.718,481,0,0,0,36,152,0,0,27,10
12/16/2017,14:51:57,1775000,Run,90009,tracker,4922,5.525671,30.785,386,0,0,0,30,150,0,0,24,5
12/16/2017,19:26:00,1792000,Walk,90013,auto_detected,2930,0,21.336,227,0,1,5,24,101,0,30,0,0
12/16/2017,20:30:50,2253000,Walk,90013,auto_detected,3587,0,18.288,282,0,1,7,30,102,2,36,0,0
12/17/2017,8:10:31,1996000,Walk,90013,auto_detected,3391,0,39.624,267,1,0,5,27,106,4,28,0,0
12/17/2017,15:28:29,2833000,Run,90009,tracker,7834,8.39575,63.094,633,0,0,0,46,154,0,0,27,20
12/18/2017,7:30:29,1587000,Walk,90013,auto_detected,2720,0,30.48,211,0,1,2,23,106,0,26,0,0
12/18/2017,20:56:45,2815000,Walk,90013,auto_detected,4781,0,30.48,370,0,3,5,39,103,5,42,0,0
12/19/2017,5:27:49,1229000,Walk,90013,auto_detected,2108,0,9.144,159,0,1,0,19,99,3,18,0,0
12/19/2017,18:12:16,1894000,Walk,90013,auto_detected,3261,0,18.288,262,0,0,1,30,109,1,30,0,0
12/20/2017,10:40:19,2713000,Walk,90013,auto_detected,3358,0,0,309,1,7,6,31,102,2,43,0,0
12/21/2017,9:33:08,1331000,Walk,90013,auto_detected,2196,0,12.192,172,0,1,1,20,102,0,22,0,0
12/21/2017,15:10:08,1076000,Walk,90013,auto_detected,1856,0,9.144,153,0,0,1,16,112,1,17,0,0
12/21/2017,19:05:37,1381000,Walk,90013,auto_detected,2230,0,6.096,196,0,2,3,18,113,1,19,2,0
12/22/2017,11:56:40,1177000,Walk,90013,auto_detected,1991,0,12.192,165,0,0,1,18,111,1,18,1,0
12/22/2017,20:46:28,1434000,Walk,90013,auto_detected,2395,0,21.336,190,0,2,2,20,104,2,21,0,0
12/26/2017,9:49:57,1946000,Walk,90013,auto_detected,2854,0,0,237,0,3,3,26,98,6,27,0,0
12/26/2017,11:40:52,921000,Sport,15000,auto_detected,705,0,0,98,0,2,10,4,98,3,13,0,0
12/27/2017,7:49:38,1689000,Walk,90013,auto_detected,2790,0,12.192,221,1,1,2,24,102,4,22,0,0
12/27/2017,12:36:19,921000,Walk,90013,auto_detected,1567,0,6.096,135,0,1,0,14,113,1,14,0,0
12/28/2017,7:56:44,1843000,Walk,90013,auto_detected,3325,0,36.576,237,0,0,6,24,93,12,19,0,0
12/28/2017,12:20:23,1126000,Walk,90013,auto_detected,1952,0,9.144,161,0,1,1,17,106,2,17,0,0
12/28/2017,18:17:36,1835000,Treadmill,20049,tracker,4977,5.34214,6.401,406,0,0,0,31,146,0,1,22,8
12/29/2017,8:02:59,1382000,Walk,90013,auto_detected,2408,0,33.528,197,0,0,4,20,104,4,20,0,0
12/29/2017,13:44:15,1792000,Walk,90013,auto_detected,3035,0,24.384,254,0,1,2,26,111,0,30,0,0
12/29/2017,21:25:51,2201000,Walk,90013,auto_detected,3924,0,30.48,303,0,0,4,33,105,1,36,0,0
12/30/2017,15:53:44,2108000,Run,90009,tracker,5880,6.511234,42.977,457,0,0,0,35,148,0,0,31,4
12/30/2017,21:05:42,3738000,Walk,90013,auto_detected,5549,0,60.96,472,3,4,6,49,105,7,55,0,0
12/31/2017,17:09:28,2110000,Run,90009,tracker,5636,6.130015,47.854,434,0,0,0,35,147,0,1,29,4
1/1/2018,18:32:35,1536000,Walk,90013,auto_detected,2444,0,6.096,189,0,2,1,22,102,2,24,0,0
1/2/2018,8:35:35,1485000,Walk,90013,auto_detected,2613,0,9.144,204,0,1,2,22,109,1,24,0,0
1/2/2018,19:33:20,1126000,Walk,90013,auto_detected,1880,0,15.24,153,1,0,2,15,114,2,17,0,0
1/2/2018,21:16:35,1996000,Walk,90013,auto_detected,3204,0,15.24,252,0,2,2,29,103,1,32,0,0
1/3/2018,8:22:49,1178000,Walk,90013,auto_detected,1814,0,15.24,154,0,2,4,14,106,0,20,0,0
1/3/2018,14:51:02,1075000,Walk,90013,auto_detected,1796,0,9.144,148,0,0,1,16,113,0,17,0,0
1/4/2018,15:27:07,1177000,Walk,90013,auto_detected,1675,0,3.048,138,1,0,6,12,104,0,19,0,0
1/5/2018,7:39:48,1280000,Walk,90013,auto_detected,2227,0,12.192,175,0,1,2,19,103,1,20,0,0
1/5/2018,12:07:42,921000,Walk,90013,auto_detected,1450,0,18.288,129,0,1,2,12,108,2,14,0,0
1/6/2018,15:14:07,3410000,Run,90009,tracker,9235,9.942867,54.254,719,0,0,0,55,149,0,1,45,10
1/6/2018,20:43:14,972000,Walk,90013,auto_detected,1311,0,0,118,0,0,5,11,104,0,16,0,0
1/9/2018,7:33:56,1280000,Walk,90013,auto_detected,1752,0,12.192,152,3,8,1,9,100,5,17,0,0
1/9/2018,11:04:41,1331000,Walk,90013,auto_detected,2177,0,12.192,170,1,0,1,20,100,1,21,0,0
1/11/2018,10:03:43,1075000,Walk,90013,auto_detected,1843,0,6.096,160,0,1,0,17,116,0,18,0,0
1/11/2018,13:59:12,1024000,Walk,90013,auto_detected,1696,0,0,130,1,1,0,15,102,1,16,0,0
1/11/2018,17:29:05,4198000,Walk,90013,auto_detected,6692,0,36.576,555,0,3,9,58,106,5,64,0,0
1/11/2018,22:03:00,1280000,Walk,90013,auto_detected,2018,0,6.096,167,0,0,6,16,106,1,21,0,0
1/12/2018,9:12:12,1126000,Walk,90013,auto_detected,1191,0,9.144,142,3,15,0,0,105,6,8,1,3
1/12/2018,11:40:41,1279000,Walk,90013,auto_detected,2157,0,15.24,199,0,0,1,20,116,0,17,3,1
1/12/2018,13:26:29,1383000,Walk,90013,auto_detected,2176,0,3.048,183,0,1,2,20,108,0,23,0,0
1/12/2018,17:17:43,1433000,Walk,90013,auto_detected,1981,0,3.048,169,2,10,2,9,102,3,21,0,0
1/12/2018,18:10:37,973000,Walk,90013,auto_detected,1786,0,9.144,140,0,0,1,15,109,0,16,0,0
1/12/2018,18:48:10,1075000,Walk,90013,auto_detected,1689,0,6.096,143,0,2,1,15,105,0,18,0,0
1/12/2018,21:20:03,1690000,Walk,90013,auto_detected,1955,0,0,167,6,8,1,13,94,11,17,0,0
1/13/2018,12:29:40,1536000,Walk,90013,auto_detected,2549,0,36.576,218,0,0,5,21,108,0,26,0,0
1/14/2018,8:46:21,1331000,Walk,90013,auto_detected,1915,0,18.288,161,2,0,5,15,105,0,22,0,0
1/14/2018,12:11:06,1587000,Walk,90013,auto_detected,1684,0,9.144,161,3,2,8,13,99,5,21,0,0
1/15/2018,7:57:58,1126000,Walk,90013,auto_detected,1706,0,18.288,134,0,1,5,12,99,3,16,0,0
1/15/2018,12:20:45,1126000,Walk,90013,auto_detected,1878,0,9.144,149,0,1,0,18,101,0,19,0,0
1/15/2018,19:11:09,1382000,Walk,90013,auto_detected,2143,0,0,163,2,0,1,20,95,4,19,0,0
1/16/2018,10:31:50,973000,Walk,90013,auto_detected,1533,0,6.096,128,0,1,3,13,102,0,17,0,0
1/16/2018,15:34:41,922000,Walk,90013,auto_detected,1371,0,9.144,112,0,1,2,12,99,4,12,0,0
1/17/2018,8:08:42,1024000,Walk,90013,auto_detected,1704,0,15.24,133,0,0,5,12,101,2,15,0,0
1/17/2018,15:39:13,1023000,Walk,90013,auto_detected,1593,0,15.24,144,1,0,2,14,110,1,16,0,0
1/18/2018,17:40:38,1177000,Walk,90013,auto_detected,2031,0,9.144,162,0,0,1,18,107,1,18,1,0
1/19/2018,8:12:39,2304000,Walk,90013,auto_detected,3550,0,30.48,277,2,2,9,25,96,10,29,0,0
1/19/2018,19:10:28,1383000,Walk,90013,auto_detected,2491,0,18.288,214,0,0,0,23,110,2,18,2,1
1/20/2018,9:23:33,1433000,Walk,90013,auto_detected,2081,0,21.336,184,0,2,3,19,106,2,22,0,0
1/20/2018,13:25:51,1792000,Walk,90013,auto_detected,2730,0,33.528,222,0,2,8,20,102,4,26,0,0
1/21/2018,8:07:03,1638000,Walk,90013,auto_detected,2753,0,21.336,205,1,1,1,24,100,2,25,0,0
1/21/2018,11:13:04,972000,Walk,90013,auto_detected,1519,0,24.384,131,0,0,3,13,106,0,16,0,0
1/22/2018,7:41:51,1690000,Walk,90013,auto_detected,2942,0,6.096,218,0,2,2,25,97,4,25,0,0
1/23/2018,7:48:10,1178000,Walk,90013,auto_detected,1809,0,18.288,136,1,1,5,12,98,6,13,0,0
1/23/2018,11:57:19,921000,Walk,90013,auto_detected,1508,0,6.096,121,1,1,0,13,109,1,14,0,0
1/25/2018,7:59:53,1075000,Walk,90013,auto_detected,1634,0,18.288,132,0,8,1,8,99,4,13,0,0
1/25/2018,12:12:27,717000,Walk,90013,auto_detected,1153,0,9.144,96,0,1,0,10,111,1,11,0,0
1/25/2018,16:36:32,1064000,Walk,90013,tracker,2153,1.7105,13.411,164,0,0,0,18,118,0,17,0,0
1/26/2018,8:15:33,1126000,Walk,90013,auto_detected,1809,0,18.288,151,0,2,3,14,108,2,17,0,0
1/26/2018,11:42:52,1178000,Walk,90013,auto_detected,1979,0,9.144,165,0,1,2,17,110,0,20,0,0
1/26/2018,17:40:23,922000,Walk,90013,auto_detected,1555,0,9.144,124,0,0,1,14,110,0,15,0,0
1/27/2018,7:51:57,1996000,Walk,90013,auto_detected,3306,0,42.672,269,0,3,4,27,108,3,31,0,0
1/28/2018,7:45:28,1126000,Walk,90013,auto_detected,1879,0,15.24,157,0,2,0,17,113,2,16,1,0
1/28/2018,21:11:46,1126000,Walk,90013,auto_detected,1638,0,9.144,136,0,1,4,14,101,1,18,0,0
1/29/2018,7:28:41,2099000,Walk,90013,auto_detected,3431,0,45.72,267,0,2,6,26,104,2,33,0,0
1/29/2018,14:38:44,1434000,Walk,90013,auto_detected,2230,0,15.24,197,0,0,4,20,111,0,24,0,0
1/29/2018,21:43:36,2457000,Walk,90013,auto_detected,4472,0,15.24,347,0,1,3,37,112,0,41,0,0
1/30/2018,7:39:10,1434000,Walk,90013,auto_detected,2314,0,18.288,195,0,2,3,19,111,2,19,2,0
1/30/2018,13:05:06,973000,Walk,90013,auto_detected,1548,0,6.096,124,1,0,2,13,109,1,15,0,0
1/30/2018,15:08:49,1894000,Walk,90013,auto_detected,3298,0,12.192,260,0,0,1,30,109,0,32,0,0
1/31/2018,7:20:43,2150000,Walk,90013,auto_detected,3599,0,27.432,271,1,1,6,27,101,6,30,0,0
1/31/2018,11:46:55,1075000,Walk,90013,auto_detected,1938,0,9.144,155,0,0,1,17,114,0,18,0,0
2/1/2018,8:59:53,2252000,Walk,90013,auto_detected,3198,0,0,285,0,2,4,31,109,2,36,0,0
2/1/2018,13:59:21,614000,Walk,90013,auto_detected,942,0,6.096,81,0,0,1,9,110,0,10,0,0
2/2/2018,8:01:20,1945000,Walk,90013,auto_detected,3453,0,36.576,267,0,0,3,29,109,0,32,0,0
2/2/2018,14:44:54,768000,Walk,90013,auto_detected,1179,0,9.144,109,0,0,1,12,114,0,13,0,0
2/2/2018,18:07:06,3071000,Walk,90013,auto_detected,5153,0,18.288,402,1,0,1,49,106,1,50,0,0
2/2/2018,21:33:35,1638000,Walk,90013,auto_detected,2583,0,9.144,205,0,0,3,24,104,0,27,0,0
2/3/2018,12:20:58,1638000,Walk,90013,auto_detected,2534,0,12.192,206,0,1,3,23,103,1,27,0,0
2/4/2018,11:20:39,1126000,Walk,90013,auto_detected,1221,0,6.096,119,0,4,8,7,97,6,13,0,0
2/7/2018,15:12:06,1638000,Walk,90013,auto_detected,2722,0,15.24,213,0,1,3,23,104,1,26,0,0
2/8/2018,9:36:13,1331000,Walk,90013,auto_detected,1715,0,18.288,157,2,1,5,14,103,3,19,0,0
2/11/2018,13:37:52,1997000,Walk,90013,auto_detected,2836,0,15.24,244,0,0,7,26,102,1,33,0,0
2/12/2018,14:04:40,2406000,Walk,90013,auto_detected,3986,0,15.24,305,0,0,4,36,101,1,39,0,0
2/12/2018,18:01:53,1331000,Walk,90013,auto_detected,2139,0,6.096,164,0,1,4,18,93,7,16,0,0
2/13/2018,12:37:06,1588000,Walk,90013,auto_detected,2352,0,27.432,193,2,0,3,21,105,2,24,0,0
2/14/2018,9:07:30,1587000,Walk,90013,auto_detected,1898,0,15.24,172,4,12,0,10,98,9,17,0,0
2/14/2018,12:35:41,2458000,Walk,90013,auto_detected,4366,0,18.288,336,0,1,1,39,107,1,40,0,0
2/14/2018,13:51:37,922000,Walk,90013,auto_detected,1396,0,3.048,113,0,0,1,14,105,0,15,0,0
2/14/2018,14:32:35,1433000,Walk,90013,auto_detected,1928,0,21.336,174,0,7,1,16,99,4,19,1,0
2/14/2018,17:58:11,1689000,Walk,90013,auto_detected,2530,0,6.096,202,1,1,2,24,101,2,26,0,0
2/15/2018,15:06:56,921000,Walk,90013,auto_detected,1148,0,3.048,108,0,2,4,9,102,3,13,0,0
2/16/2018,14:20:17,768000,Walk,90013,auto_detected,780,0,6.096,82,0,2,5,5,101,1,12,0,0
2/16/2018,17:21:10,2663000,Walk,90013,auto_detected,4144,0,30.48,320,1,1,8,34,100,2,42,0,0
2/17/2018,9:26:12,1331000,Walk,90013,auto_detected,1793,0,15.24,153,3,2,2,15,104,4,18,0,0
2/17/2018,15:23:41,922000,Walk,90013,auto_detected,1119,0,0,102,0,2,5,8,100,1,15,0,0
2/18/2018,13:42:25,1690000,Walk,90013,auto_detected,2589,0,21.336,215,2,2,3,21,107,4,24,0,0
2/18/2018,17:42:24,1805000,Run,90009,tracker,4726,4.855703,46.33,374,0,0,0,29,149,0,1,20,8
2/19/2018,9:31:03,1177000,Walk,90013,auto_detected,1779,0,18.288,148,1,0,3,15,109,0,19,0,0
2/19/2018,14:46:45,1177000,Walk,90013,auto_detected,1692,0,33.528,154,0,2,5,13,106,2,18,0,0
2/20/2018,14:10:17,1075000,Walk,90013,auto_detected,1731,0,21.336,162,0,0,0,18,117,0,17,1,0
2/20/2018,15:43:17,1076000,Walk,90013,auto_detected,1636,0,0,127,0,1,6,11,101,1,17,0,0
2/21/2018,8:42:03,1229000,Walk,90013,auto_detected,1606,0,12.192,136,2,1,5,12,100,2,18,0,0
2/21/2018,11:56:34,2713000,Walk,90013,auto_detected,4367,0,36.576,339,1,0,8,36,101,2,43,0,0
2/21/2018,16:47:32,973000,Walk,90013,auto_detected,1450,0,0,117,1,0,2,13,104,0,16,0,0
2/22/2018,14:09:08,716000,Walk,90013,auto_detected,742,0,0,78,1,0,4,6,106,1,11,0,0
2/22/2018,16:55:30,1587000,Walk,90013,auto_detected,2416,0,18.288,199,0,1,4,21,103,0,26,0,0
2/23/2018,10:14:50,1228000,Walk,90013,auto_detected,1904,0,21.336,161,0,1,3,17,104,1,20,0,0
2/23/2018,12:50:58,1024000,Walk,90013,auto_detected,1431,0,3.048,129,0,1,4,12,105,0,18,0,0
2/24/2018,8:12:17,1075000,Walk,90013,auto_detected,1769,0,18.288,153,0,1,2,15,114,0,18,0,0
2/25/2018,19:01:55,666000,Walk,90013,auto_detected,684,0,6.096,78,0,1,4,6,104,2,10,0,0
2/26/2018,10:12:22,1177000,Walk,90013,auto_detected,1865,0,21.336,143,0,1,5,13,99,4,15,0,0
2/26/2018,15:34:01,1229000,Walk,90013,auto_detected,1994,0,18.288,147,0,0,7,13,100,0,20,0,0
2/28/2018,15:36:23,2816000,Walk,90013,auto_detected,4611,0,27.432,359,0,1,5,41,102,1,46,0,0
3/1/2018,11:30:56,1536000,Walk,90013,auto_detected,2560,0,6.096,208,0,0,2,23,108,1,25,0,0
3/1/2018,15:43:31,1741000,Walk,90013,auto_detected,2880,0,15.24,224,0,0,2,27,102,0,29,0,0
3/1/2018,16:45:48,2714000,Walk,90013,auto_detected,4572,0,18.288,365,0,1,1,43,106,3,43,0,0
3/2/2018,17:06:37,1331000,Walk,90013,auto_detected,2193,0,12.192,168,0,0,3,19,102,0,22,0,0
3/4/2018,14:46:30,2355000,Walk,90013,auto_detected,3814,0,18.288,303,0,1,3,35,102,1,38,0,0
3/5/2018,16:18:07,1383000,Walk,90013,auto_detected,2175,0,6.096,170,1,1,4,17,101,1,22,0,0
3/6/2018,11:59:54,2150000,Walk,90013,auto_detected,3473,0,24.384,269,0,0,7,29,99,2,34,0,0
3/6/2018,17:53:59,1280000,Walk,90013,auto_detected,2133,0,9.144,177,0,0,4,18,106,0,22,0,0
3/7/2018,13:33:21,1740000,Walk,90013,auto_detected,2482,0,12.192,216,0,7,3,19,104,4,25,0,0
3/8/2018,8:45:16,1741000,Walk,90013,auto_detected,2644,0,27.432,224,1,1,4,23,104,2,27,0,0
3/8/2018,13:35:22,819000,Walk,90013,auto_detected,886,0,0,83,0,3,7,4,92,6,8,0,0
3/8/2018,14:26:34,1485000,Walk,90013,auto_detected,1476,0,0,147,2,11,5,6,93,7,18,0,0
3/8/2018,18:25:28,1024000,Walk,90013,auto_detected,1667,0,3.048,131,0,1,0,16,99,0,17,0,0
3/9/2018,11:07:13,2611000,Walk,90013,auto_detected,4162,0,45.72,340,2,9,2,30,105,3,40,0,0
3/9/2018,14:46:31,768000,Walk,90013,auto_detected,967,0,0,86,0,1,5,7,98,2,11,0,0
3/10/2018,15:32:01,1485000,Walk,90013,auto_detected,2430,0,15.24,187,0,0,3,21,102,0,24,0,0
3/11/2018,12:36:00,1536000,Walk,90013,auto_detected,2340,0,3.048,183,0,1,12,13,97,2,24,0,0
3/12/2018,14:59:39,3021000,Walk,90013,auto_detected,4814,0,27.432,378,0,2,9,39,103,0,50,0,0
3/13/2018,12:42:35,1587000,Walk,90013,auto_detected,2497,0,21.336,198,1,0,4,21,103,1,26,0,0
3/13/2018,14:24:06,1382000,Walk,90013,auto_detected,2197,0,9.144,171,0,0,4,19,100,1,22,0,0
3/13/2018,15:28:57,1791000,Walk,90013,auto_detected,2827,0,21.336,241,0,0,3,27,110,0,30,0,0
3/14/2018,11:06:27,2047000,Walk,90013,auto_detected,3393,0,12.192,276,0,0,5,29,108,0,34,0,0
3/15/2018,12:44:52,717000,Walk,90013,auto_detected,823,0,0,82,0,0,7,5,102,0,12,0,0
3/15/2018,17:40:56,1587000,Walk,90013,auto_detected,2634,0,9.144,211,0,1,2,24,105,0,27,0,0
3/16/2018,9:18:41,1024000,Walk,90013,auto_detected,1700,0,15.24,133,0,1,3,13,102,1,16,0,0
3/17/2018,15:12:14,1229000,Walk,90013,auto_detected,1728,0,21.336,153,0,0,5,15,104,2,18,0,0
3/17/2018,15:59:10,1485000,Walk,90013,auto_detected,1889,0,18.288,160,1,6,7,10,99,5,19,0,0
3/18/2018,9:43:10,819000,Walk,90013,auto_detected,1164,0,12.192,97,0,1,3,9,101,1,12,0,0
3/18/2018,11:15:20,819000,Walk,90013,auto_detected,1191,0,0,99,0,0,3,10,109,0,13,0,0
3/19/2018,18:58:51,2048000,Walk,90013,auto_detected,3692,0,36.525,331,0,0,2,32,122,0,26,1,6
3/20/2018,8:04:43,1126000,Walk,90013,auto_detected,1993,0,9.144,175,0,1,1,17,116,1,12,5,0
3/22/2018,14:38:49,615000,Walk,90013,auto_detected,845,0,6.096,86,0,0,3,8,111,0,11,0,0
3/23/2018,10:59:51,717000,Walk,90013,auto_detected,1118,0,3.048,92,0,0,0,11,110,0,12,0,0
3/23/2018,14:45:07,2150000,Walk,90013,auto_detected,3550,0,0,287,0,0,3,32,111,0,33,1,0
3/23/2018,15:20:57,972000,Walk,90013,auto_detected,1076,0,0,104,0,4,8,5,97,3,14,0,0
3/23/2018,22:58:16,1024000,Walk,90013,auto_detected,1460,0,9.144,122,1,1,1,14,100,3,14,0,0
3/24/2018,9:48:28,1792000,Walk,90013,auto_detected,2801,0,24.384,236,0,1,5,24,110,0,30,0,0
3/24/2018,17:45:25,1945000,Walk,90013,auto_detected,3433,0,9.144,261,0,0,1,31,108,0,32,0,0
3/25/2018,14:37:27,1024000,Walk,90013,auto_detected,1660,0,0,129,0,0,2,15,102,0,17,0,0
3/25/2018,15:39:44,1126000,Walk,90013,auto_detected,1753,0,9.144,135,0,1,5,12,100,1,18,0,0
3/25/2018,16:44:35,1229000,Walk,90013,auto_detected,1788,0,27.432,155,0,1,7,13,104,1,20,0,0
3/26/2018,12:34:03,1331000,Walk,90013,auto_detected,2059,0,12.192,171,0,0,4,18,107,0,22,0,0
3/27/2018,11:54:15,768000,Walk,90013,auto_detected,1137,0,6.096,99,0,0,2,11,102,1,12,0,0
3/27/2018,14:35:31,921000,Walk,90013,auto_detected,1346,0,6.096,115,1,0,3,11,108,0,15,0,0
3/28/2018,11:50:17,768000,Walk,90013,auto_detected,1241,0,6.096,107,0,1,0,12,112,0,13,0,0
3/29/2018,10:38:01,2304000,Walk,90013,auto_detected,3794,0,12.192,313,0,2,3,33,111,2,36,0,0
3/29/2018,18:38:23,1127000,Walk,90013,auto_detected,1766,0,3.048,142,0,0,2,17,102,0,19,0,0
3/30/2018,13:21:17,973000,Walk,90013,auto_detected,1161,0,6.096,118,1,2,1,12,110,1,15,0,0
3/30/2018,20:09:58,1076000,Walk,90013,auto_detected,1732,0,9.144,138,0,0,2,16,106,0,18,0,0
3/31/2018,16:10:30,614000,Walk,90013,auto_detected,770,0,0,68,0,1,3,6,103,0,10,0,0
4/1/2018,10:19:31,4184000,Hike,90012,tracker,5651,3.762328,121.615,483,2,2,6,49,111,0,57,2,0
4/1/2018,15:14:34,972000,Walk,90013,auto_detected,1579,0,0,122,0,1,1,14,103,0,16,0,0
4/2/2018,9:50:36,819000,Walk,90013,auto_detected,1297,0,6.096,101,0,1,1,11,102,3,11,0,0
4/2/2018,12:29:20,2390000,Run,90009,tracker,6362,6.386882,108.814,533,0,0,0,39,157,0,0,16,24
4/2/2018,14:58:37,614000,Walk,90013,auto_detected,736,0,6.096,65,1,1,3,5,105,2,8,0,0
4/3/2018,13:34:29,1434000,Walk,90013,auto_detected,1722,0,12.192,147,2,9,5,7,99,7,17,0,0
4/3/2018,21:41:43,1279000,Walk,90013,auto_detected,2278,0,18.288,174,0,1,2,19,108,0,22,0,0
4/4/2018,6:11:17,2035000,Run,90009,tracker,5152,4.905226,45.11,403,0,0,0,32,149,0,1,23,8
4/4/2018,13:45:00,615000,Walk,90013,auto_detected,1060,0,3.048,85,0,0,1,9,113,0,11,0,0
4/4/2018,15:01:48,1484000,Walk,90013,auto_detected,1932,0,3.048,168,0,2,9,13,105,1,24,0,0
4/5/2018,7:43:30,973000,Walk,90013,auto_detected,1592,0,9.144,131,1,1,0,14,110,0,14,0,2
4/5/2018,10:38:26,1382000,Walk,90013,auto_detected,2168,0,18.288,183,0,1,3,19,108,1,22,0,0
4/6/2018,12:51:45,2349000,Run,90009,tracker,6156,6.171554,75.59,478,0,0,0,37,153,0,1,21,17
4/9/2018,7:03:44,2355000,Walk,90013,auto_detected,3705,0,0,283,1,13,0,25,102,2,37,0,0
4/10/2018,7:49:14,972000,Walk,90013,auto_detected,1494,0,0,116,1,0,3,12,100,1,15,0,0
4/11/2018,7:09:07,1126000,Walk,90013,auto_detected,1415,0,3.048,122,1,2,4,11,101,2,16,0,0
4/11/2018,12:23:56,716000,Walk,90013,auto_detected,1085,0,0,83,0,0,1,10,101,1,11,0,0
4/11/2018,13:24:30,768000,Walk,90013,auto_detected,978,0,3.048,92,0,2,2,9,104,0,13,0,0
4/11/2018,20:20:01,615000,Walk,90013,auto_detected,801,0,0,73,0,0,1,9,103,0,10,0,0
4/12/2018,14:40:46,819000,Walk,90013,auto_detected,899,0,3.048,84,0,0,9,4,98,2,12,0,0
4/12/2018,15:46:28,819000,Walk,90013,auto_detected,935,0,0,89,0,3,2,8,102,0,14,0,0
4/12/2018,20:22:03,615000,Walk,90013,auto_detected,793,0,0,69,1,1,2,6,108,1,9,0,0
4/13/2018,7:25:54,819000,Walk,90013,auto_detected,1051,0,0,95,0,2,4,8,101,2,12,0,0
4/13/2018,20:14:40,1075000,Walk,90013,auto_detected,1870,0,0,148,0,0,1,16,114,1,17,0,0
4/14/2018,8:10:35,666000,Walk,90013,auto_detected,967,0,0,67,1,1,4,5,97,0,11,0,0
4/14/2018,17:18:23,1177000,Walk,90013,auto_detected,1371,0,0,123,2,1,5,11,105,0,19,0,0
4/15/2018,8:57:18,1740000,Walk,90013,auto_detected,2228,0,0,183,2,11,5,11,96,5,24,0,0
4/15/2018,19:32:04,871000,Walk,90013,auto_detected,1210,0,1.778,94,0,1,4,9,97,0,14,0,0
4/17/2018,10:49:40,717000,Walk,90013,auto_detected,1189,0,6.096,99,0,1,1,10,109,1,11,0,0
4/17/2018,12:34:37,768000,Walk,90013,auto_detected,884,0,3.048,120,0,0,1,12,124,0,9,4,0
4/18/2018,13:16:42,716000,Walk,90013,auto_detected,1183,0,6.096,95,0,1,0,11,109,0,12,0,0
4/19/2018,7:42:33,1075000,Walk,90013,auto_detected,1508,0,0,120,0,5,4,8,104,1,17,0,0
4/19/2018,17:33:50,1382000,Walk,90013,auto_detected,2134,0,21.336,169,1,1,5,16,104,2,21,0,0
4/20/2018,7:16:24,1024000,Walk,90013,auto_detected,1691,0,18.288,139,0,0,2,15,107,0,17,0,0
4/20/2018,11:20:26,1382000,Walk,90013,auto_detected,2295,0,15.24,187,1,0,1,21,112,1,22,0,0
4/20/2018,18:47:30,1997000,Walk,90013,auto_detected,3236,0,21.336,266,1,0,2,30,109,1,30,2,0
