Date,WeightKg,WeightPounds,Fat,BMI,IsManualReport,LogId
11/1/2013 8:34:14 AM,75.5,166.449007949675,11.5,25.2800006866455,False,1383294854000
11/8/2013 8:45:59 AM,75,165.34669663875,11.1000003814697,25.1200008392334,False,1383900359000
11/14/2013 8:38:52 AM,75.4000015258789,166.228549051477,11.8000001907349,25.2700004577637,False,1384418332000
11/15/2013 9:27:04 AM,75.3000030517578,166.008090153279,11.8000001907349,25.2299995422363,False,1384507624000
11/16/2013 10:20:08 AM,75.6999969482422,166.889925746071,11.8999996185303,25.3700008392334,False,1384597208000
11/18/2013 8:11:28 AM,75.5999984741211,166.669466847873,12.5,25.3400001525879,False,1384762288000
11/19/2013 7:46:20 AM,75.4000015258789,166.228549051477,12.5,25.25,False,1384847180000
11/23/2013 6:14:07 AM,75.0999984741211,165.567155536948,11.3999996185303,25.1700000762939,False,1385187247000
11/24/2013 7:40:45 AM,74.8000030517578,164.905778842354,11.6000003814697,25.0499992370605,False,1385278845000
11/25/2013 7:57:41 AM,75.4000015258789,166.228549051477,10.6999998092651,25.25,False,1385366261000
12/1/2013 9:36:48 AM,76.5999984741211,168.874089469723,11.6000003814697,25.6499996185303,False,1385890608000
12/2/2013 8:36:38 AM,75.6999969482422,166.889925746071,12.6000003814697,25.3500003814697,False,1385973398000
12/3/2013 7:39:08 AM,75.3000030517578,166.008090153279,12.3000001907349,25.2199993133545,False,1386056348000
12/4/2013 9:39:58 AM,74.5999984741211,164.464844226023,11.8000001907349,25,False,1386149998000
12/5/2013 8:59:50 AM,75.4000015258789,166.228549051477,12.1000003814697,25.25,False,1386233990000
12/6/2013 8:40:21 AM,74.4000015258789,164.023926429627,12.5,24.9300003051758,False,1386319221000
12/9/2013 8:38:51 AM,75.5999984741211,166.669466847873,10.6000003814697,25.3199996948242,False,1386578331000
12/10/2013 6:21:09 AM,74.5999984741211,164.464844226023,11.6999998092651,25,False,1386656469000
12/13/2013 9:22:05 AM,74.5999984741211,164.464844226023,10.8000001907349,24.9799995422363,False,1386926525000
12/14/2013 9:46:40 AM,74.9000015258789,165.126237740552,10.6000003814697,25.0799999237061,False,1387014400000
12/15/2013 7:17:16 AM,74.8000030517578,164.905778842354,11.8999996185303,25.0499992370605,False,1387091836000
12/16/2013 8:18:21 AM,74.8000030517578,164.905778842354,11.1999998092651,25.0499992370605,False,1387181901000
12/19/2013 9:27:53 AM,74.6999969482422,164.685303124221,10.6000003814697,25.0200004577637,False,1387445273000
12/20/2013 9:36:34 AM,74.5999984741211,164.464844226023,11.3999996185303,24.9799995422363,False,1387532194000
12/21/2013 10:45:24 AM,74.5999984741211,164.464844226023,11.3000001907349,24.9799995422363,False,1387622724000
12/22/2013 11:04:08 AM,74.8000030517578,164.905778842354,10.3999996185303,25.0499992370605,False,1387710248000
12/23/2013 8:20:30 AM,74.8000030517578,164.905778842354,11.5,25.0699996948242,False,1387786830000
12/27/2013 12:00:48 PM,75.0999984741211,165.567155536948,12.1999998092651,25.1700000762939,False,1388145648000
12/28/2013 9:15:28 AM,75.0999984741211,165.567155536948,12.1000003814697,25.1499996185303,False,1388222128000
12/29/2013 9:01:32 AM,75.5999984741211,166.669466847873,11.3999996185303,25.3199996948242,False,1388307692000
12/29/2013 2:52:20 PM,73.5999984741211,162.260221604173,11.3000001907349,24.6700000762939,False,1388328740000
12/30/2013 8:20:54 AM,73.6999969482422,162.480680502371,11.8999996185303,24.7000007629395,False,1388391654000
12/31/2013 9:20:32 AM,74,163.1420740169,11,24.7999992370605,False,1388481632000
1/6/2014 9:35:52 AM,74.5,164.244385327825,13,24.9500007629395,False,1389000952000
1/8/2014 9:58:19 AM,73.5999984741211,162.260221604173,12,24.6700000762939,False,1389175099000
1/9/2014 8:13:18 AM,74,163.1420740169,11.3000001907349,24.7800006866455,False,1389255198000
1/10/2014 9:13:34 AM,74.4000015258789,164.023926429627,10.8999996185303,24.9300003051758,False,1389345214000
1/14/2014 8:30:20 AM,73.5,162.039762705975,10.8999996185303,24.6299991607666,False,1389688220000
1/18/2014 9:20:41 AM,73.9000015258789,162.921615118702,11.6000003814697,24.7700004577637,False,1390036841000
1/19/2014 9:22:40 AM,73.5999984741211,162.260221604173,12.3000001907349,24.6499996185303,False,1390123360000
1/20/2014 8:34:37 AM,74,163.1420740169,10.8999996185303,24.7800006866455,False,1390206877000
1/21/2014 8:50:01 AM,73.9000015258789,162.921615118702,11,24.7700004577637,False,1390294201000
1/22/2014 10:13:35 AM,74,163.1420740169,11,24.7800006866455,False,1390385615000
1/23/2014 9:45:13 AM,74.0999984741211,163.362532915098,10.6000003814697,24.8299999237061,False,1390470313000
1/25/2014 8:38:19 AM,74.0999984741211,163.362532915098,11.3000001907349,24.8299999237061,False,1390639099000
1/28/2014 9:04:22 AM,74.0999984741211,163.362532915098,11.3000001907349,24.8299999237061,False,1390899862000
2/4/2014 8:47:55 AM,74.5,164.244385327825,11.1999998092651,24.9699993133545,False,1391503675000
2/6/2014 9:15:53 AM,73.9000015258789,162.921615118702,10.8000001907349,24.75,False,1391678153000
2/7/2014 8:14:48 AM,73.8000030517578,162.701156220504,11.3999996185303,24.7199993133545,False,1391760888000
2/8/2014 9:57:30 AM,74,163.1420740169,11.6999998092651,24.7999992370605,False,1391853450000
2/12/2014 9:15:24 AM,70.3000030517578,154.984977044029,,23.5400009155273,False,1392196524000
2/17/2014 7:25:05 AM,74.9000015258789,165.126237740552,12,25.1000003814697,False,1392621905000
2/18/2014 7:29:10 AM,74.8000030517578,164.905778842354,11.6999998092651,25.0699996948242,False,1392708550000
2/19/2014 9:12:28 AM,74.5,164.244385327825,11.3999996185303,24.9699993133545,False,1392801148000
2/20/2014 7:37:48 AM,74.3000030517578,163.803467531429,13.1000003814697,24.8999996185303,False,1392881868000
2/21/2014 9:15:03 AM,74.6999969482422,164.685303124221,11.6000003814697,25.0300006866455,False,1392974103000
2/22/2014 7:14:26 AM,74.0999984741211,163.362532915098,11.8000001907349,24.8199996948242,False,1393053266000
2/23/2014 8:13:25 AM,74.8000030517578,164.905778842354,10.8999996185303,25.0499992370605,False,1393143205000
2/24/2014 7:42:47 AM,75.0999984741211,165.567155536948,11.6999998092651,25.1700000762939,False,1393227767000
2/25/2014 6:47:04 AM,75.1999969482422,165.787614435146,10.5,25.2000007629395,False,1393310824000
2/26/2014 6:00:31 AM,74.5999984741211,164.464844226023,11.8000001907349,24.9799995422363,False,1393394431000
2/27/2014 7:10:07 AM,73.9000015258789,162.921615118702,11.6999998092651,24.75,False,1393485007000
2/28/2014 7:57:02 AM,74.0999984741211,163.362532915098,11.8000001907349,24.8299999237061,False,1393574222000
3/1/2014 8:52:56 AM,74.3000030517578,163.803467531429,12,24.8799991607666,False,1393663976000
3/2/2014 7:25:30 AM,75.1999969482422,165.787614435146,12.1000003814697,25.1800003051758,False,1393745130000
3/9/2014 9:15:54 AM,74.5,164.244385327825,11,24.9500007629395,False,1394356554000
3/10/2014 8:50:59 AM,74.6999969482422,164.685303124221,11.5,25.0300006866455,False,1394441459000
3/12/2014 7:17:11 AM,74.0999984741211,163.362532915098,11.8999996185303,24.8299999237061,False,1394608631000
3/13/2014 6:57:37 AM,74.8000030517578,164.905778842354,11.6999998092651,25.0699996948242,False,1394693857000
3/14/2014 7:14:38 AM,74.5,164.244385327825,11.1000003814697,24.9500007629395,False,1394781278000
3/15/2014 7:34:01 AM,74.5,164.244385327825,12.3999996185303,24.9500007629395,False,1394868841000
3/17/2014 6:57:09 AM,74.1999969482422,163.582991813296,12.1000003814697,24.8700008392334,False,1395039429000
3/18/2014 7:22:13 AM,74.4000015258789,164.023926429627,11.3999996185303,24.9300003051758,False,1395127333000
3/19/2014 7:29:15 AM,74.3000030517578,163.803467531429,12,24.8799991607666,False,1395214155000
3/20/2014 7:00:17 AM,74.5999984741211,164.464844226023,11.8999996185303,25,False,1395298817000
3/21/2014 8:35:14 AM,74.8000030517578,164.905778842354,10.6999998092651,25.0499992370605,False,1395390914000
4/1/2014 7:47:50 AM,75.8000030517578,167.110401464204,12.1999998092651,25.3999996185303,False,1396338470000
4/8/2014 8:28:46 AM,76.5999984741211,168.874089469723,12.1000003814697,25.6499996185303,False,1396945726000
4/11/2014 8:45:43 AM,75.8000030517578,167.110401464204,12,25.3999996185303,False,1397205943000
4/14/2014 9:23:29 AM,76.0999984741211,167.771778158798,12.6999998092651,25.4899997711182,False,1397467409000
4/15/2014 10:22:30 AM,76,167.5513192606,13,25.4699993133545,False,1397557350000
4/19/2014 11:00:07 AM,75.8000030517578,167.110401464204,13.5,25.3999996185303,False,1397905207000
4/24/2014 8:47:49 AM,75.9000015258789,167.330860362402,14,25.4200000762939,False,1398329269000
4/25/2014 8:56:58 AM,75.5999984741211,166.669466847873,13.6000003814697,25.3400001525879,False,1398416218000
4/26/2014 9:50:23 AM,76.1999969482422,167.992237056996,13.8000001907349,25.5400009155273,False,1398505823000
4/27/2014 9:23:05 AM,76.0999984741211,167.771778158798,13.5,25.4899997711182,False,1398590585000
4/29/2014 9:07:45 AM,75.9000015258789,167.330860362402,13.3999996185303,25.4400005340576,False,1398762465000
4/30/2014 8:53:19 AM,76.0999984741211,167.771778158798,12.8999996185303,25.5,False,1398847999000
5/2/2014 8:51:02 AM,76.1999969482422,167.992237056996,13.1999998092651,25.5200004577637,False,1399020662000
5/6/2014 8:40:45 AM,76.5,168.653630571525,13.3000001907349,25.6200008392334,False,1399365645000
5/14/2014 6:10:22 AM,76.0999984741211,167.771778158798,12,25.4899997711182,False,1400047822000
5/14/2014 6:26:53 PM,75.1999969482422,165.787614435146,11,25.1800003051758,False,1400092013000
5/15/2014 7:17:21 AM,75.8000030517578,167.110401464204,13.5,25.3899993896484,False,1400138241000
5/16/2014 6:33:55 AM,76.0999984741211,167.771778158798,12.3000001907349,25.5,False,1400222035000
5/17/2014 5:44:54 AM,75.9000015258789,167.330860362402,11.8000001907349,25.4400005340576,False,1400305494000
5/18/2014 6:14:05 AM,76.5,168.653630571525,11.3999996185303,25.6399993896484,False,1400393645000
5/18/2014 8:18:34 AM,76.4000015258789,168.433171673327,,25.5900001525879,False,1400401114000
5/19/2014 6:52:52 AM,76.1999969482422,167.992237056996,12.8000001907349,25.5400009155273,False,1400482372000
5/20/2014 6:59:33 AM,75.8000030517578,167.110401464204,12.5,25.3899993896484,False,1400569173000
5/21/2014 5:19:30 AM,76.1999969482422,167.992237056996,11.5,25.5200004577637,False,1400649570000
5/23/2014 5:18:43 AM,76,167.5513192606,11.1999998092651,25.4699993133545,False,1400822323000
5/27/2014 7:47:52 AM,77.4000015258789,170.637794295177,11.3999996185303,25.9400005340576,False,1401176872000
5/28/2014 7:55:17 AM,76.9000015258789,169.535482984252,12.3000001907349,25.7700004577637,False,1401263717000
5/29/2014 10:41:23 AM,76.5,168.653630571525,12.3999996185303,25.6200008392334,False,1401360083000
5/30/2014 10:17:34 AM,76.4000015258789,168.433171673327,12.5,25.6000003814697,False,1401445054000
6/1/2014 8:46:45 AM,77,169.75594188245,13.3999996185303,25.7900009155273,False,1401612405000
6/2/2014 8:03:58 AM,77.3000030517578,170.417335396979,12,25.8899993896484,False,1401696238000
6/8/2014 9:27:12 AM,77.4000015258789,170.637794295177,12.1999998092651,25.9400005340576,False,1402219632000
6/9/2014 8:39:39 AM,76.3000030517578,168.212712775129,12.6000003814697,25.5699996948242,False,1402303179000
6/10/2014 8:29:53 AM,76.6999969482422,169.094548367921,11.8999996185303,25.7000007629395,False,1402388993000
6/11/2014 8:18:53 AM,76.0999984741211,167.771778158798,13.3000001907349,25.4899997711182,False,1402474733000
6/12/2014 6:30:34 AM,76.1999969482422,167.992237056996,13.6000003814697,25.5400009155273,False,1402554634000
6/15/2014 7:28:14 AM,76.9000015258789,169.535482984252,13.5,25.75,False,1402817294000
6/16/2014 8:27:18 AM,76.3000030517578,168.212712775129,12.6000003814697,25.5499992370605,False,1402907238000
6/17/2014 8:23:38 AM,76.1999969482422,167.992237056996,12.3000001907349,25.5200004577637,False,1402993418000
6/18/2014 8:36:43 AM,75.9000015258789,167.330860362402,13.1999998092651,25.4200000762939,False,1403080603000
6/19/2014 9:08:11 AM,76.1999969482422,167.992237056996,11.8000001907349,25.5200004577637,False,1403168891000
6/20/2014 8:26:53 AM,74.8000030517578,164.905778842354,12.8999996185303,25.0499992370605,False,1403252813000
6/20/2014 8:27:50 AM,75,165.34669663875,12.8999996185303,25.1299991607666,False,1403252870000
6/21/2014 9:17:46 AM,76.0999984741211,167.771778158798,11.8999996185303,25.4899997711182,False,1403342266000
6/22/2014 8:36:28 AM,76.5999984741211,168.874089469723,12.3000001907349,25.6499996185303,False,1403426188000
6/23/2014 8:29:00 AM,76.3000030517578,168.212712775129,11.8999996185303,25.5499992370605,False,1403512140000
6/24/2014 6:27:20 AM,76,167.5513192606,12,25.4500007629395,False,1403591240000
6/27/2014 9:32:32 AM,75.4000015258789,166.228549051477,12,25.25,False,1403861552000
6/28/2014 8:14:20 AM,75.0999984741211,165.567155536948,12.3999996185303,25.1499996185303,False,1403943260000
6/29/2014 8:39:02 AM,76.6999969482422,169.094548367921,11.8000001907349,25.7000007629395,False,1404031142000
6/30/2014 8:05:49 AM,76.3000030517578,168.212712775129,11.8000001907349,25.5699996948242,False,1404115549000
7/1/2014 6:23:58 AM,75.9000015258789,167.330860362402,12.1999998092651,25.4400005340576,False,1404195838000
7/2/2014 7:40:16 AM,75.5999984741211,166.669466847873,12.1000003814697,25.3199996948242,False,1404286816000
7/3/2014 6:04:48 AM,76,167.5513192606,11.8000001907349,25.4699993133545,False,1404367488000
7/11/2014 8:33:14 AM,75.9000015258789,167.330860362402,13.1999998092651,25.4200000762939,False,1405067594000
7/12/2014 7:10:18 AM,75.4000015258789,166.228549051477,13,25.2700004577637,False,1405149018000
7/14/2014 9:13:59 AM,77.3000030517578,170.417335396979,11.5,25.8999996185303,False,1405329239000
7/15/2014 5:27:54 AM,76.5999984741211,168.874089469723,12,25.6700000762939,False,1405402074000
7/17/2014 7:41:19 AM,76.3000030517578,168.212712775129,11.8999996185303,25.5499992370605,False,1405582879000
7/18/2014 9:09:13 AM,76.0999984741211,167.771778158798,12.8000001907349,25.4899997711182,False,1405674553000
7/19/2014 8:40:15 AM,75.5,166.449007949675,12.3999996185303,25.2999992370605,False,1405759215000
7/20/2014 8:00:04 AM,76.6999969482422,169.094548367921,11.5,25.6900005340576,False,1405843204000
7/21/2014 8:01:44 AM,75.9000015258789,167.330860362402,12.1000003814697,25.4400005340576,False,1405929704000
7/22/2014 7:24:19 AM,75.5999984741211,166.669466847873,12.1000003814697,25.3199996948242,False,1406013859000
7/23/2014 8:15:44 AM,75.1999969482422,165.787614435146,12.1000003814697,25.2000007629395,False,1406103344000
7/24/2014 7:26:34 AM,75.8000030517578,167.110401464204,12.5,25.3899993896484,False,1406186794000
7/25/2014 7:34:03 AM,75.5,166.449007949675,11.8000001907349,25.2800006866455,False,1406273643000
7/26/2014 7:33:43 AM,75,165.34669663875,12.1999998092651,25.1200008392334,False,1406360023000
7/27/2014 8:13:39 AM,75.9000015258789,167.330860362402,12.1999998092651,25.4200000762939,False,1406448819000
7/28/2014 6:19:32 AM,75.6999969482422,166.889925746071,11.3999996185303,25.3700008392334,False,1406528372000
7/31/2014 6:01:56 AM,74.9000015258789,165.126237740552,11.6000003814697,25.0799999237061,False,1406786516000
8/4/2014 8:00:51 AM,77.5999984741211,171.078712091573,11.8000001907349,26,False,1407139251000
8/5/2014 8:36:37 AM,76.0999984741211,167.771778158798,12.8999996185303,25.4899997711182,False,1407227797000
8/6/2014 8:47:38 AM,75.3000030517578,166.008090153279,13.1000003814697,25.2299995422363,False,1407314858000
8/7/2014 8:57:07 AM,75.0999984741211,165.567155536948,12.6000003814697,25.1499996185303,False,1407401827000
8/8/2014 8:39:21 AM,74.5,164.244385327825,13,24.9500007629395,False,1407487161000
8/9/2014 9:05:36 AM,74.4000015258789,164.023926429627,12.1000003814697,24.9200000762939,False,1407575136000
8/10/2014 10:59:59 AM,75.3000030517578,166.008090153279,11.6000003814697,25.2199993133545,False,1407668399000
8/11/2014 9:05:29 AM,75.4000015258789,166.228549051477,11.8999996185303,25.25,False,1407747929000
8/12/2014 9:22:29 AM,75.1999969482422,165.787614435146,11.6000003814697,25.1800003051758,False,1407835349000
8/13/2014 8:42:26 AM,74.6999969482422,164.685303124221,12.1000003814697,25.0200004577637,False,1407919346000
8/14/2014 8:07:40 AM,74.6999969482422,164.685303124221,11.6999998092651,25.0200004577637,False,1408003660000
8/15/2014 9:12:05 AM,74.6999969482422,164.685303124221,12.3000001907349,25.0300006866455,False,1408093925000
8/16/2014 8:38:18 AM,75.1999969482422,165.787614435146,11.5,25.1800003051758,False,1408178298000
8/18/2014 8:30:17 AM,75.4000015258789,166.228549051477,11.8999996185303,25.2700004577637,False,1408350617000
8/19/2014 8:40:53 AM,74.5,164.244385327825,12.5,24.9500007629395,False,1408437653000
8/20/2014 8:15:13 AM,74.3000030517578,163.803467531429,12,24.8799991607666,False,1408522513000
8/21/2014 6:44:49 AM,74.9000015258789,165.126237740552,10.6000003814697,25.1000003814697,False,1408603489000
8/26/2014 7:01:58 AM,74.9000015258789,165.126237740552,10.3999996185303,25.0799999237061,False,1409036518000
8/27/2014 8:40:47 AM,74.5999984741211,164.464844226023,11,24.9799995422363,False,1409128847000
8/28/2014 8:27:36 AM,74.3000030517578,163.803467531429,11.1999998092651,24.8799991607666,False,1409214456000
8/29/2014 11:13:03 AM,74.1999969482422,163.582991813296,11.8999996185303,24.8700008392334,False,1409310783000
8/30/2014 10:29:28 AM,74.6999969482422,164.685303124221,11.1000003814697,25.0300006866455,False,1409394568000
8/31/2014 10:14:26 AM,74.5999984741211,164.464844226023,12.1999998092651,24.9799995422363,False,1409480066000
9/1/2014 6:17:36 AM,74.8000030517578,164.905778842354,10.8999996185303,25.0699996948242,False,1409552256000
9/2/2014 6:32:48 AM,73.6999969482422,162.480680502371,11.3999996185303,24.7000007629395,False,1409639568000
9/9/2014 7:33:19 AM,74,163.1420740169,11.3000001907349,24.7800006866455,False,1410247999000
9/10/2014 8:01:07 AM,73.5999984741211,162.260221604173,11.3999996185303,24.6700000762939,False,1410336067000
9/11/2014 8:06:14 AM,73.3000030517578,161.598844909579,11.3999996185303,24.5599994659424,False,1410422774000
9/12/2014 9:11:16 AM,74.1999969482422,163.582991813296,10.1000003814697,24.8500003814697,False,1410513076000
9/13/2014 8:44:42 AM,73.4000015258789,161.819303807777,10.6999998092651,24.5799999237061,False,1410597882000
9/14/2014 10:08:05 AM,74,163.1420740169,10.1999998092651,24.7999992370605,False,1410689285000
9/15/2014 6:10:20 AM,74.0999984741211,163.362532915098,10.5,24.8199996948242,False,1410761420000
9/16/2014 5:15:52 AM,73.8000030517578,162.701156220504,10.6999998092651,24.7199993133545,False,1410844552000
9/19/2014 7:26:11 AM,72.9000015258789,160.716992496852,10.6999998092651,24.4099998474121,False,1411111571000
9/20/2014 7:31:46 AM,73.1999969482422,161.378369191446,10.8000001907349,24.5100002288818,False,1411198306000
9/21/2014 6:10:56 AM,73.4000015258789,161.819303807777,11.3000001907349,24.6000003814697,False,1411279856000
9/21/2014 10:59:07 AM,72.1999969482422,159.173746569596,10,24.1800003051758,False,1411297147000
9/22/2014 7:11:19 AM,72.8000030517578,160.496533598654,10,24.3799991607666,False,1411369879000
9/23/2014 6:51:57 AM,73.1999969482422,161.378369191446,10.1999998092651,24.5100002288818,False,1411455117000
9/24/2014 6:58:09 AM,72.8000030517578,160.496533598654,10.5,24.3999996185303,False,1411541889000
9/25/2014 7:20:54 AM,72.1999969482422,159.173746569596,11,24.1800003051758,False,1411629654000
9/26/2014 7:26:06 AM,,,10.5,,False,1411716366000
9/26/2014 11:59:59 PM,73.4000015258789,161.819303807777,,24.5900001525879,True,1411775999000
9/27/2014 7:01:31 AM,73.1999969482422,161.378369191446,10.1999998092651,24.5100002288818,False,1411801291000
9/30/2014 7:54:06 AM,73.3000030517578,161.598844909579,10.1000003814697,24.5599994659424,False,1412063646000
10/1/2014 5:39:33 AM,74.4000015258789,164.023926429627,10.1000003814697,24.9300003051758,False,1412141973000
10/9/2014 1:33:27 PM,73.5,162.039762705975,11,24.6100006103516,False,1412861607000
10/10/2014 7:44:32 AM,74,163.1420740169,10.6999998092651,24.7999992370605,False,1412927072000
10/11/2014 8:16:06 AM,73.5999984741211,162.260221604173,11.1000003814697,24.6499996185303,False,1413015366000
10/12/2014 9:07:11 AM,74,163.1420740169,11.1000003814697,24.7800006866455,False,1413104831000
10/13/2014 7:23:45 AM,74.5999984741211,164.464844226023,10.8999996185303,24.9799995422363,False,1413185025000
10/17/2014 7:04:49 AM,73.1999969482422,161.378369191446,10.8999996185303,24.5100002288818,False,1413529489000
10/18/2014 6:23:54 AM,73.3000030517578,161.598844909579,10.6999998092651,24.5599994659424,False,1413613434000
10/21/2014 6:59:39 AM,73.9000015258789,162.921615118702,10.8000001907349,24.75,False,1413874779000
10/22/2014 7:05:41 AM,73.4000015258789,161.819303807777,10.8000001907349,24.5799999237061,False,1413961541000
10/23/2014 9:03:43 AM,73,160.93745139505,10.1000003814697,24.4599990844727,False,1414055023000
10/24/2014 8:59:40 AM,72.0999984741211,158.953287671398,11.1000003814697,24.1599998474121,False,1414141180000
10/25/2014 10:48:38 AM,72.5999984741211,160.055598982323,11.6000003814697,24.3099994659424,False,1414234118000
10/27/2014 8:53:25 AM,74.1999969482422,163.582991813296,11.1999998092651,24.8500003814697,False,1414400005000
10/28/2014 8:16:28 AM,73.8000030517578,162.701156220504,11.1999998092651,24.7199993133545,False,1414484188000
10/29/2014 8:42:57 AM,72.8000030517578,160.496533598654,11.1999998092651,24.3799991607666,False,1414572177000
10/31/2014 8:53:34 AM,72.6999969482422,160.276057880521,10.5,24.3600006103516,False,1414745614000
11/1/2014 9:16:59 AM,73.3000030517578,161.598844909579,10.8999996185303,24.5599994659424,False,1414833419000
11/2/2014 7:42:42 AM,74,163.1420740169,9.89999961853027,24.7999992370605,False,1414914162000
11/3/2014 7:21:30 AM,74,163.1420740169,10.1000003814697,24.7999992370605,False,1414999290000
11/4/2014 7:20:21 AM,73,160.93745139505,10.6000003814697,24.4599990844727,False,1415085621000
11/5/2014 7:43:27 AM,72.5,159.835140084125,11.1000003814697,24.2999992370605,False,1415173407000
11/6/2014 7:55:45 AM,72.1999969482422,159.173746569596,10.8999996185303,24.2000007629395,False,1415260545000
11/7/2014 8:11:20 AM,73,160.93745139505,10.6000003814697,24.4599990844727,False,1415347880000
11/8/2014 5:48:50 AM,72.8000030517578,160.496533598654,10.6999998092651,24.3799991607666,False,1415425730000
11/10/2014 7:31:11 AM,73.9000015258789,162.921615118702,9.5,24.7700004577637,False,1415604671000
11/11/2014 6:23:19 AM,73.9000015258789,162.921615118702,9.5,24.7700004577637,False,1415686999000
11/16/2014 8:51:19 AM,74.5,164.244385327825,10.6000003814697,24.9699993133545,False,1416127879000
11/17/2014 8:38:02 AM,73.5999984741211,162.260221604173,10.8000001907349,24.6700000762939,False,1416213482000
11/18/2014 8:05:22 AM,73.4000015258789,161.819303807777,11.1999998092651,24.6000003814697,False,1416297922000
11/19/2014 8:43:00 AM,72.9000015258789,160.716992496852,11.1999998092651,24.4099998474121,False,1416386580000
11/20/2014 9:00:37 AM,72.8000030517578,160.496533598654,10.8000001907349,24.3799991607666,False,1416474037000
11/21/2014 9:01:34 AM,74,163.1420740169,10.8000001907349,24.7800006866455,False,1416560494000
11/22/2014 9:19:16 AM,73.0999984741211,161.157910293248,10.6000003814697,24.4799995422363,False,1416647956000
11/23/2014 10:30:14 AM,72.6999969482422,160.276057880521,10.3000001907349,24.3600006103516,False,1416738614000
11/24/2014 8:30:56 AM,73.1999969482422,161.378369191446,11,24.5100002288818,False,1416817856000
11/25/2014 7:23:15 AM,72.8000030517578,160.496533598654,10.8999996185303,24.3799991607666,False,1416900195000
11/26/2014 8:38:19 AM,72.6999969482422,160.276057880521,11.5,24.3500003814697,False,1416991099000
11/27/2014 9:52:50 AM,72.5999984741211,160.055598982323,11,24.3299999237061,False,1417081970000
11/28/2014 9:18:59 AM,73.8000030517578,162.701156220504,10,24.7199993133545,False,1417166339000
12/1/2014 8:24:42 AM,73.5999984741211,162.260221604173,11.6999998092651,24.6499996185303,False,1417422282000
12/2/2014 6:20:12 AM,73.3000030517578,161.598844909579,11.1000003814697,24.5599994659424,False,1417501212000
12/5/2014 9:01:35 AM,72.8000030517578,160.496533598654,11.1999998092651,24.3799991607666,False,1417770095000
12/6/2014 9:18:59 AM,73.1999969482422,161.378369191446,10.8000001907349,24.5100002288818,False,1417857539000
12/8/2014 8:56:55 AM,74.8000030517578,164.905778842354,11.1000003814697,25.0699996948242,False,1418029015000
12/9/2014 8:27:52 AM,74,163.1420740169,11.1999998092651,24.7800006866455,False,1418113672000
12/10/2014 9:24:22 AM,73,160.93745139505,11.3000001907349,24.4599990844727,False,1418203462000
12/11/2014 9:04:51 AM,73.1999969482422,161.378369191446,11,24.5300006866455,False,1418288691000
12/12/2014 9:43:49 AM,73.1999969482422,161.378369191446,10.3000001907349,24.5100002288818,False,1418377429000
12/22/2014 8:55:29 AM,74.0999984741211,163.362532915098,11.6000003814697,24.8299999237061,False,1419238529000
1/5/2015 8:23:49 AM,74.9000015258789,165.126237740552,13.3999996185303,25.1000003814697,False,1420446229000
1/6/2015 6:22:13 AM,74.8000030517578,164.905778842354,12.6999998092651,25.0699996948242,False,1420525333000
1/9/2015 9:13:17 AM,74.9000015258789,165.126237740552,12.3999996185303,25.0799999237061,False,1420794797000
1/13/2015 7:51:30 AM,74.5999984741211,164.464844226023,13.5,25,False,1421135490000
1/14/2015 7:39:14 AM,74.6999969482422,164.685303124221,12.5,25.0300006866455,False,1421221154000
1/15/2015 7:46:02 AM,74.5999984741211,164.464844226023,13.1999998092651,24.9799995422363,False,1421307962000
1/16/2015 7:50:29 AM,74.3000030517578,163.803467531429,12,24.8999996185303,False,1421394629000
1/17/2015 7:39:04 AM,74.5999984741211,164.464844226023,11.8999996185303,24.9799995422363,False,1421480344000
1/20/2015 7:58:16 AM,74.9000015258789,165.126237740552,12.1000003814697,25.1000003814697,False,1421740696000
1/21/2015 7:52:25 AM,74.9000015258789,165.126237740552,12,25.0799999237061,False,1421826745000
1/22/2015 7:58:07 AM,73.9000015258789,162.921615118702,12.5,24.7700004577637,False,1421913487000
1/23/2015 7:55:08 AM,74.1999969482422,163.582991813296,12,24.8700008392334,False,1421999708000
1/24/2015 7:57:54 AM,74.5999984741211,164.464844226023,11.8999996185303,25,False,1422086274000
1/25/2015 11:24:08 AM,74.0999984741211,163.362532915098,10.8000001907349,24.8199996948242,False,1422185048000
1/26/2015 7:45:28 AM,75.5,166.449007949675,11.3000001907349,25.2999992370605,False,1422258328000
1/27/2015 8:14:43 AM,75.3000030517578,166.008090153279,11.6999998092651,25.2299995422363,False,1422346483000
1/28/2015 8:03:17 AM,74.5999984741211,164.464844226023,12,25,False,1422432197000
1/29/2015 7:52:37 AM,73.9000015258789,162.921615118702,11.6000003814697,24.75,False,1422517957000
1/30/2015 7:50:46 AM,73.9000015258789,162.921615118702,11.5,24.75,False,1422604246000
1/31/2015 7:25:39 AM,74.3000030517578,163.803467531429,10.8000001907349,24.8999996185303,False,1422689139000
2/1/2015 8:06:27 AM,74.0999984741211,163.362532915098,11.6999998092651,24.8299999237061,False,1422777987000
2/2/2015 6:28:25 AM,74.9000015258789,165.126237740552,,25.1000003814697,False,1422858505000
2/5/2015 7:38:48 AM,74.0999984741211,163.362532915098,11,24.8199996948242,False,1423121928000
2/6/2015 7:36:06 AM,74.0999984741211,163.362532915098,11.8000001907349,24.8299999237061,False,1423208166000
2/7/2015 8:12:17 AM,74.1999969482422,163.582991813296,11.8999996185303,24.8500003814697,False,1423296737000
2/10/2015 7:29:09 AM,75.5,166.449007949675,11.3999996185303,25.2999992370605,False,1423553349000
2/11/2015 7:16:32 AM,74.5999984741211,164.464844226023,11.8000001907349,24.9799995422363,False,1423638992000
2/12/2015 4:42:06 AM,73.8000030517578,162.701156220504,12.1000003814697,24.7299995422363,False,1423716126000
2/13/2015 7:26:41 AM,73.5,162.039762705975,12.1000003814697,24.6299991607666,False,1423812401000
2/14/2015 7:51:36 AM,73.5,162.039762705975,10.1999998092651,24.6100006103516,False,1423900296000
2/15/2015 7:51:38 AM,75.0999984741211,165.567155536948,11.3000001907349,25.1499996185303,False,1423986698000
2/16/2015 7:35:18 AM,75,165.34669663875,11.6000003814697,25.1200008392334,False,1424072118000
2/17/2015 7:18:14 AM,74.5,164.244385327825,12.6999998092651,24.9699993133545,False,1424157494000
2/18/2015 7:45:10 AM,74.4000015258789,164.023926429627,12,24.9300003051758,False,1424245510000
2/19/2015 7:28:11 AM,74.6999969482422,164.685303124221,12.1999998092651,25.0200004577637,False,1424330891000
2/21/2015 8:53:06 AM,74.4000015258789,164.023926429627,11.6000003814697,24.9200000762939,False,1424508786000
2/23/2015 7:22:53 AM,76.0999984741211,167.771778158798,12.1000003814697,25.4899997711182,False,1424676173000
2/24/2015 8:20:14 AM,74.5999984741211,164.464844226023,13.5,24.9799995422363,False,1424766014000
2/25/2015 8:47:22 AM,74.8000030517578,164.905778842354,12.8000001907349,25.0499992370605,False,1424854042000
2/26/2015 7:53:06 AM,74.5,164.244385327825,12.6999998092651,24.9500007629395,False,1424937186000
2/27/2015 8:40:36 AM,74.4000015258789,164.023926429627,12.6999998092651,24.9200000762939,False,1425026436000
2/28/2015 9:56:41 AM,74.9000015258789,165.126237740552,12.3999996185303,25.1000003814697,False,1425117401000
3/1/2015 9:09:27 AM,75.4000015258789,166.228549051477,12.1000003814697,25.25,False,1425200967000
3/2/2015 7:44:08 AM,74.9000015258789,165.126237740552,12.3999996185303,25.0799999237061,False,1425282248000
3/3/2015 4:27:11 AM,73.8000030517578,162.701156220504,12.6000003814697,24.7299995422363,False,1425356831000
3/6/2015 6:15:53 AM,74,163.1420740169,11.8000001907349,24.7999992370605,False,1425622553000
3/8/2015 8:24:07 AM,75.4000015258789,166.228549051477,11.6000003814697,25.2700004577637,False,1425803047000
3/9/2015 7:56:19 AM,75.0999984741211,165.567155536948,9.60000038146973,25.1700000762939,False,1425887779000
3/10/2015 7:22:37 AM,74.6999969482422,164.685303124221,12.3999996185303,25.0200004577637,False,1425972157000
3/11/2015 4:40:54 AM,75.3000030517578,166.008090153279,11.1000003814697,25.2299995422363,False,1426048854000
3/12/2015 3:48:55 AM,74.8000030517578,164.905778842354,11.5,25.0499992370605,False,1426132135000
3/18/2015 6:54:16 AM,75.0999984741211,165.567155536948,10.1000003814697,25.1499996185303,False,1426661656000
3/19/2015 4:09:17 AM,75.1999969482422,165.787614435146,10.8000001907349,25.2000007629395,False,1426738157000
3/20/2015 6:24:01 AM,74.8000030517578,164.905778842354,12.1999998092651,25.0699996948242,False,1426832641000
3/23/2015 7:42:58 AM,76.0999984741211,167.771778158798,11.6000003814697,25.4899997711182,False,1427096578000
3/24/2015 6:36:48 AM,76.3000030517578,168.212712775129,12.6000003814697,25.5499992370605,False,1427179008000
3/25/2015 7:39:35 AM,75,165.34669663875,12.3999996185303,25.1200008392334,False,1427269175000
3/26/2015 7:30:02 AM,75.5,166.449007949675,11.8999996185303,25.2800006866455,False,1427355002000
3/27/2015 6:37:05 AM,75.5,166.449007949675,11.8999996185303,25.2999992370605,False,1427438225000
3/30/2015 7:45:45 AM,76.1999969482422,167.992237056996,11.3000001907349,25.5200004577637,False,1427701545000
3/31/2015 7:13:44 AM,75.5,166.449007949675,12.6000003814697,25.2999992370605,False,1427786024000
4/3/2015 8:56:56 AM,75.5999984741211,166.669466847873,12.8999996185303,25.3199996948242,False,1428051416000
4/9/2015 7:27:25 AM,76.0999984741211,167.771778158798,11.6000003814697,25.5,False,1428564445000
4/10/2015 6:35:49 AM,75.6999969482422,166.889925746071,12,25.3500003814697,False,1428647749000
4/14/2015 7:02:59 AM,75.9000015258789,167.330860362402,12,25.4200000762939,False,1428994979000
4/15/2015 7:18:26 AM,75.5,166.449007949675,11.6999998092651,25.2999992370605,False,1429082306000
4/16/2015 7:16:09 AM,76,167.5513192606,11.1000003814697,25.4500007629395,False,1429168569000
4/17/2015 7:21:59 AM,75.9000015258789,167.330860362402,12,25.4200000762939,False,1429255319000
4/18/2015 9:02:08 AM,75.8000030517578,167.110401464204,11.3000001907349,25.3899993896484,False,1429347728000
4/21/2015 9:13:55 AM,75.5999984741211,166.669466847873,11.8999996185303,25.3400001525879,False,1429607635000
4/25/2015 9:55:32 AM,76.1999969482422,167.992237056996,11.8000001907349,25.5200004577637,False,1429955732000
4/27/2015 7:28:10 AM,76.9000015258789,169.535482984252,12,25.75,False,1430119690000
4/28/2015 8:52:26 AM,76.9000015258789,169.535482984252,12.1000003814697,25.75,False,1430211146000
4/29/2015 7:30:52 AM,76.4000015258789,168.433171673327,12.6999998092651,25.5900001525879,False,1430292652000
4/30/2015 9:10:31 AM,75.9000015258789,167.330860362402,12.5,25.4400005340576,False,1430385031000
5/4/2015 8:49:11 AM,76.1999969482422,167.992237056996,12.6000003814697,25.5400009155273,False,1430729351000
5/5/2015 9:00:10 AM,75.4000015258789,166.228549051477,12.1999998092651,25.2700004577637,False,1430816410000
5/7/2015 8:35:24 AM,75.6999969482422,166.889925746071,12.3000001907349,25.3500003814697,False,1430987724000
5/8/2015 8:59:36 AM,75.5999984741211,166.669466847873,12.1999998092651,25.3400001525879,False,1431075576000
5/9/2015 10:08:00 AM,75.4000015258789,166.228549051477,12.8000001907349,25.2700004577637,False,1431166080000
5/10/2015 10:50:42 AM,76,167.5513192606,11.6000003814697,25.4500007629395,False,1431255042000
5/11/2015 8:24:18 AM,76.5,168.653630571525,11.8000001907349,25.6200008392334,False,1431332658000
5/12/2015 8:22:37 AM,75.9000015258789,167.330860362402,12.3000001907349,25.4200000762939,False,1431418957000
5/26/2015 7:48:16 AM,76.0999984741211,167.771778158798,11.8000001907349,25.4899997711182,False,1432626496000
5/27/2015 7:35:13 AM,75.9000015258789,167.330860362402,11.3999996185303,25.4200000762939,False,1432712113000
5/28/2015 7:08:47 AM,74.6999969482422,164.685303124221,11.3999996185303,25.0300006866455,False,1432796927000
5/29/2015 9:27:45 AM,75.5,166.449007949675,11.1999998092651,25.2800006866455,False,1432891665000
5/30/2015 10:22:55 AM,75.0999984741211,165.567155536948,12.1000003814697,25.1499996185303,False,1432981375000
5/31/2015 7:14:02 AM,75.5999984741211,166.669466847873,12.8000001907349,25.3400001525879,False,1433056442000
6/1/2015 9:04:28 AM,75.8000030517578,167.110401464204,12.3999996185303,25.3899993896484,False,1433149468000
6/22/2015 6:52:01 AM,76.1999969482422,167.992237056996,12.6999998092651,25.5400009155273,False,1434955921000
6/23/2015 7:21:57 AM,77.0999984741211,169.976400780648,12,25.8400001525879,False,1435044117000
6/24/2015 7:08:35 AM,,,12.8000001907349,,False,1435129715000
6/24/2015 11:59:59 PM,76.4000015258789,168.433171673327,,25.6100006103516,True,1435190399000
6/25/2015 6:01:15 AM,76.0999984741211,167.771778158798,12.6000003814697,25.4899997711182,False,1435212075000
6/26/2015 6:46:41 AM,76.0999984741211,167.771778158798,11.8000001907349,25.5,False,1435301201000
6/27/2015 7:17:11 AM,75.5,166.449007949675,12.5,25.2800006866455,False,1435389431000
7/1/2015 11:59:59 PM,75.8000030517578,167.110401464204,11.5,25.3999996185303,True,1435795199000
7/2/2015 11:59:59 PM,75.6999969482422,166.889925746071,11.5,25.3500003814697,True,1435881599000
7/3/2015 11:59:59 PM,75.1999969482422,165.787614435146,12.3999996185303,25.2000007629395,True,1435967999000
7/4/2015 11:59:59 PM,75.5999984741211,166.669466847873,12.1999998092651,25.3199996948242,True,1436054399000
7/6/2015 11:59:59 PM,75.3000030517578,166.008090153279,12.1999998092651,25.25,True,1436227199000
7/7/2015 11:59:59 PM,75.3000030517578,166.008090153279,11.6999998092651,25.25,True,1436313599000
7/8/2015 11:59:59 PM,75.6999969482422,166.889925746071,12.1000003814697,25.3500003814697,True,1436399999000
7/9/2015 11:59:59 PM,75.3000030517578,166.008090153279,11.3999996185303,25.25,True,1436486399000
7/10/2015 11:59:59 PM,75.9000015258789,167.330860362402,14.6999998092651,25.4300003051758,True,1436572799000
7/11/2015 11:59:59 PM,75.3000030517578,166.008090153279,11.5,25.2299995422363,True,1436659199000
7/13/2015 11:59:59 PM,76,167.5513192606,11.3999996185303,25.4599990844727,True,1436831999000
7/14/2015 11:59:59 PM,75.0999984741211,165.567155536948,11.1000003814697,25.1599998474121,True,1436918399000
7/15/2015 11:59:59 PM,75.1999969482422,165.787614435146,11.8999996185303,25.1900005340576,True,1437004799000
7/16/2015 11:59:59 PM,75.1999969482422,165.787614435146,10.8999996185303,25.2000007629395,True,1437091199000
7/17/2015 11:59:59 PM,75.5,166.449007949675,10.8999996185303,25.2900009155273,True,1437177599000
7/18/2015 11:59:59 PM,75.3000030517578,166.008090153279,10.6999998092651,25.25,True,1437263999000
7/19/2015 11:59:59 PM,74.9000015258789,165.126237740552,10.6000003814697,25.0900001525879,True,1437350399000
7/20/2015 11:59:59 PM,75.8000030517578,167.110401464204,,25.4099998474121,True,1437436799000
7/21/2015 11:59:59 PM,75.6999969482422,166.889925746071,11.5,25.3500003814697,True,1437523199000
7/22/2015 11:59:59 PM,74.9000015258789,165.126237740552,,25.0900001525879,True,1437609599000
7/23/2015 11:59:59 PM,74.3000030517578,163.803467531429,,24.9099998474121,True,1437695999000
7/24/2015 11:59:59 PM,74.1999969482422,163.582991813296,,24.8799991607666,True,1437782399000
7/25/2015 11:59:59 PM,74.3000030517578,163.803467531429,11.3999996185303,24.8999996185303,True,1437868799000
7/26/2015 11:59:59 PM,75,165.34669663875,,25.1399993896484,True,1437955199000
7/27/2015 11:59:59 PM,75.5,166.449007949675,11.3000001907349,25.2900009155273,True,1438041599000
7/28/2015 11:59:59 PM,74,163.1420740169,10.8999996185303,24.7900009155273,True,1438127999000
7/29/2015 11:59:59 PM,74.6999969482422,164.685303124221,,25.0200004577637,True,1438214399000
7/30/2015 11:59:59 PM,73.6999969482422,162.480680502371,,24.7199993133545,True,1438300799000
7/31/2015 11:59:59 PM,74.3000030517578,163.803467531429,,24.9099998474121,True,1438387199000
8/1/2015 11:59:59 PM,74.3000030517578,163.803467531429,10.8000001907349,24.9099998474121,True,1438473599000
8/4/2015 9:37:58 AM,74.5,164.244385327825,11.3999996185303,24.9699993133545,False,1438681078000
8/5/2015 9:40:50 AM,74.4000015258789,164.023926429627,11.1999998092651,24.9200000762939,False,1438767650000
8/6/2015 8:54:39 AM,74.5,164.244385327825,11.3000001907349,24.9699993133545,False,1438851279000
8/7/2015 9:20:23 AM,73.9000015258789,162.921615118702,11.3000001907349,24.7700004577637,False,1438939223000
8/8/2015 10:49:19 AM,73.9000015258789,162.921615118702,11,24.7700004577637,False,1439030959000
8/8/2015 11:59:59 PM,73.6999969482422,162.480680502371,9.80000019073486,24.6800003051758,True,1439078399000
8/9/2015 7:08:38 AM,73.9000015258789,162.921615118702,11,24.7700004577637,False,1439104118000
8/10/2015 8:27:31 AM,73.5,162.039762705975,11.1000003814697,24.6299991607666,False,1439195251000
8/11/2015 5:33:05 AM,73.9000015258789,162.921615118702,11.3000001907349,24.75,False,1439271185000
8/13/2015 8:41:23 AM,73.8000030517578,162.701156220504,10.6000003814697,24.7199993133545,False,1439455283000
8/14/2015 8:57:46 AM,73.1999969482422,161.378369191446,11,24.5100002288818,False,1439542666000
8/15/2015 7:24:20 AM,73.5,162.039762705975,10.8999996185303,24.6100006103516,False,1439623460000
8/16/2015 6:43:08 AM,73.1999969482422,161.378369191446,11,24.5100002288818,False,1439707388000
8/17/2015 7:55:43 AM,73.1999969482422,161.378369191446,10.8999996185303,24.5100002288818,False,1439798143000
8/18/2015 8:14:41 AM,73,160.93745139505,9.80000019073486,24.4599990844727,False,1439885681000
8/19/2015 7:46:46 AM,73.3000030517578,161.598844909579,10.1000003814697,24.5499992370605,False,1439970406000
8/20/2015 8:00:03 AM,73.5,162.039762705975,10.1000003814697,24.6100006103516,False,1440057603000
8/21/2015 7:55:54 AM,72.5999984741211,160.055598982323,10.1000003814697,24.3099994659424,False,1440143754000
8/22/2015 6:04:10 AM,72.6999969482422,160.276057880521,10.6999998092651,24.3600006103516,False,1440223450000
8/23/2015 7:04:21 AM,72.5,159.835140084125,10.3000001907349,24.2999992370605,False,1440313461000
8/24/2015 7:23:15 AM,72.5999984741211,160.055598982323,10.1999998092651,24.3099994659424,False,1440400995000
8/25/2015 8:13:11 AM,72.5999984741211,160.055598982323,9.39999961853027,24.3099994659424,False,1440490391000
8/26/2015 7:59:21 AM,73,160.93745139505,9.39999961853027,24.4500007629395,False,1440575961000
8/27/2015 7:27:20 AM,72.5,159.835140084125,11,24.2999992370605,False,1440660440000
9/1/2015 8:24:31 AM,73,160.93745139505,9.5,24.4500007629395,False,1441095871000
9/2/2015 5:09:43 AM,73.5,162.039762705975,9.39999961853027,24.6299991607666,False,1441170583000
9/3/2015 11:59:59 PM,73.5,162.039762705975,,24.6200008392334,True,1441324799000
9/4/2015 9:30:08 AM,72.9000015258789,160.716992496852,9.89999961853027,24.4099998474121,False,1441359008000
9/5/2015 9:14:05 AM,72.5999984741211,160.055598982323,,24.3099994659424,False,1441444445000
9/6/2015 8:49:43 AM,72.6999969482422,160.276057880521,,24.3600006103516,False,1441529383000
9/7/2015 8:47:28 AM,72.8000030517578,160.496533598654,,24.3799991607666,False,1441615648000
9/8/2015 8:58:39 AM,72.6999969482422,160.276057880521,,24.3600006103516,False,1441702719000
9/9/2015 8:39:32 AM,72.6999969482422,160.276057880521,,24.3500003814697,False,1441787972000
9/10/2015 8:45:36 AM,72.3000030517578,159.394222287729,9.30000019073486,24.2299995422363,False,1441874736000
9/11/2015 9:07:21 AM,72.6999969482422,160.276057880521,9.19999980926514,24.3500003814697,False,1441962441000
9/12/2015 6:41:39 AM,72.0999984741211,158.953287671398,9.89999961853027,24.1499996185303,False,1442040099000
9/14/2015 8:43:23 AM,73.0999984741211,161.157910293248,9.19999980926514,24.4799995422363,False,1442220203000
9/15/2015 8:45:51 AM,72.6999969482422,160.276057880521,9.60000038146973,24.3500003814697,False,1442306751000
9/29/2015 7:41:52 AM,72.1999969482422,159.173746569596,8.60000038146973,24.2000007629395,False,1443512512000
9/30/2015 6:10:37 AM,72.1999969482422,159.173746569596,11.3999996185303,24.1800003051758,False,1443593437000
10/1/2015 7:16:53 AM,72.5999984741211,160.055598982323,8.60000038146973,24.3299999237061,False,1443683813000
10/2/2015 7:03:45 AM,72.5,159.835140084125,10,24.2999992370605,False,1443769425000
10/3/2015 6:55:24 AM,74.5999984741211,164.464844226023,11.6999998092651,25,False,1443855324000
10/3/2015 6:56:06 AM,72.5,159.835140084125,10.3999996185303,24.2999992370605,False,1443855366000
10/6/2015 8:53:07 AM,72.3000030517578,159.394222287729,10.6000003814697,24.2099990844727,False,1444121587000
10/7/2015 8:43:10 AM,72.8000030517578,160.496533598654,10.3999996185303,24.3799991607666,False,1444207390000
10/8/2015 8:39:37 AM,72.9000015258789,160.716992496852,9.80000019073486,24.4300003051758,False,1444293577000
10/9/2015 9:11:04 AM,73.3000030517578,161.598844909579,9.69999980926514,24.5499992370605,False,1444381864000
10/10/2015 6:23:35 AM,72.9000015258789,160.716992496852,9.80000019073486,24.4099998474121,False,1444458215000
10/11/2015 8:09:36 AM,72.4000015258789,159.614681185927,9.19999980926514,24.25,False,1444550976000
10/12/2015 7:38:43 AM,73.1999969482422,161.378369191446,9.30000019073486,24.5100002288818,False,1444635523000
10/12/2015 11:59:59 PM,73.5999984741211,162.260221604173,9.60000038146973,24.6499996185303,True,1444694399000
10/13/2015 8:23:57 AM,72.9000015258789,160.716992496852,9.5,24.4099998474121,False,1444724637000
10/14/2015 8:00:36 AM,72.3000030517578,159.394222287729,9.80000019073486,24.2099990844727,False,1444809636000
10/14/2015 11:59:59 PM,71.8000030517578,158.291910976804,9.69999980926514,24.0599994659424,True,1444867199000
10/15/2015 11:59:59 PM,72.5,159.835140084125,10.1000003814697,24.2800006866455,True,1444953599000
10/16/2015 11:59:59 PM,72.9000015258789,160.716992496852,9.10000038146973,24.4300003051758,True,1445039999000
10/17/2015 11:59:59 PM,73.5,162.039762705975,9.5,24.6100006103516,True,1445126399000
10/18/2015 11:59:59 PM,72.9000015258789,160.716992496852,10,24.4300003051758,True,1445212799000
10/19/2015 11:59:59 PM,72.5999984741211,160.055598982323,10.3999996185303,24.3299999237061,True,1445299199000
10/20/2015 11:59:59 PM,71.8000030517578,158.291910976804,10.3000001907349,24.0499992370605,True,1445385599000
10/21/2015 11:59:59 PM,72.4000015258789,159.614681185927,10,24.25,True,1445471999000
10/22/2015 11:59:59 PM,72.0999984741211,158.953287671398,9.30000019073486,24.1599998474121,True,1445558399000
10/23/2015 11:59:59 PM,71.9000015258789,158.512369875002,8.89999961853027,24.1000003814697,True,1445644799000
10/24/2015 11:59:59 PM,72.8000030517578,160.496533598654,9.80000019073486,24.3999996185303,True,1445731199000
10/26/2015 11:59:59 PM,72.9000015258789,160.716992496852,9.80000019073486,24.4300003051758,True,1445903999000
10/27/2015 11:59:59 PM,72.5,159.835140084125,9.5,24.2800006866455,True,1445990399000
10/28/2015 11:59:59 PM,71.6999969482422,158.071435258671,10.1000003814697,24.0300006866455,True,1446076799000
10/29/2015 11:59:59 PM,71.5,157.630517462275,9.80000019073486,23.9599990844727,True,1446163199000
10/30/2015 11:59:59 PM,72.0999984741211,158.953287671398,9.19999980926514,24.1499996185303,True,1446249599000
10/31/2015 11:59:59 PM,71.9000015258789,158.512369875002,9.69999980926514,24.1000003814697,True,1446335999000
11/1/2015 11:59:59 PM,72,158.7328287732,8.5,24.1299991607666,True,1446422399000
11/2/2015 11:59:59 PM,72.6999969482422,160.276057880521,8.89999961853027,24.3600006103516,True,1446508799000
11/3/2015 11:59:59 PM,72.1999969482422,159.173746569596,9.5,24.1800003051758,True,1446595199000
11/4/2015 11:59:59 PM,72.1999969482422,159.173746569596,10.8999996185303,24.1800003051758,True,1446681599000
11/5/2015 11:59:59 PM,72,158.7328287732,11.1000003814697,24.1299991607666,True,1446767999000
11/6/2015 11:59:59 PM,71.6999969482422,158.071435258671,11.1999998092651,24.0300006866455,True,1446854399000
11/9/2015 11:59:59 PM,73.3000030517578,161.598844909579,9.69999980926514,24.5599994659424,True,1447113599000
11/10/2015 11:59:59 PM,72.9000015258789,160.716992496852,9.5,24.4099998474121,True,1447199999000
11/11/2015 11:59:59 PM,72.3000030517578,159.394222287729,10.8999996185303,24.2099990844727,True,1447286399000
11/12/2015 11:59:59 PM,71.8000030517578,158.291910976804,10.1999998092651,24.0599994659424,True,1447372799000
11/13/2015 11:59:59 PM,71.5999984741211,157.850976360473,10,24,True,1447459199000
11/14/2015 11:59:59 PM,72.3000030517578,159.394222287729,9.10000038146973,24.2299995422363,True,1447545599000
11/17/2015 11:59:59 PM,71.6999969482422,158.071435258671,10.1000003814697,24.0300006866455,True,1447804799000
11/18/2015 11:59:59 PM,70.9000015258789,156.307747253152,9.60000038146973,23.7600002288818,True,1447891199000
11/19/2015 11:59:59 PM,71.1999969482422,156.969123947746,8.69999980926514,23.8600006103516,True,1447977599000
11/20/2015 11:59:59 PM,71.8000030517578,158.291910976804,9,24.0599994659424,True,1448063999000
11/23/2015 11:59:59 PM,71.9000015258789,158.512369875002,8.69999980926514,24.1000003814697,True,1448323199000
11/24/2015 11:59:59 PM,72,158.7328287732,8.89999961853027,24.1100006103516,True,1448409599000
11/25/2015 11:59:59 PM,71.8000030517578,158.291910976804,8.89999961853027,24.0599994659424,True,1448495999000
11/26/2015 11:59:59 PM,71.5999984741211,157.850976360473,9.80000019073486,23.9799995422363,True,1448582399000
11/27/2015 11:00:08 AM,71.6999969482422,158.071435258671,9.80000019073486,24.0300006866455,False,1448622008000
11/28/2015 6:26:35 AM,71.5999984741211,157.850976360473,10.3000001907349,24,False,1448691995000
11/29/2015 8:17:32 AM,71.1999969482422,156.969123947746,8.39999961853027,23.8600006103516,False,1448785052000
11/30/2015 8:18:39 AM,71.6999969482422,158.071435258671,8.89999961853027,24.0100002288818,False,1448871519000
12/1/2015 8:58:35 AM,71.4000015258789,157.410058564077,8.89999961853027,23.9099998474121,False,1448960315000
12/2/2015 8:40:54 AM,71.4000015258789,157.410058564077,8.39999961853027,23.9099998474121,False,1449045654000
12/3/2015 8:51:45 AM,72,158.7328287732,8.80000019073486,24.1100006103516,False,1449132705000
12/4/2015 9:17:16 AM,72.0999984741211,158.953287671398,8.30000019073486,24.1599998474121,False,1449220636000
12/5/2015 5:55:35 AM,71.9000015258789,158.512369875002,9.10000038146973,24.0799999237061,False,1449294935000
12/6/2015 8:35:23 AM,71,156.52820615135,8.5,23.7800006866455,False,1449390923000
12/7/2015 8:19:11 AM,71.3000030517578,157.189599665879,7.80000019073486,23.8899993896484,False,1449476351000
12/7/2015 7:56:17 PM,73,160.93745139505,13.5,24.4599990844727,False,1449518177000
12/9/2015 8:28:22 AM,72.0999984741211,158.953287671398,7.90000009536743,24.1599998474121,False,1449649702000
12/10/2015 8:37:11 AM,72.1999969482422,159.173746569596,9.30000019073486,24.2000007629395,False,1449736631000
12/11/2015 9:43:56 AM,71.3000030517578,157.189599665879,9.80000019073486,23.8899993896484,False,1449827036000
12/12/2015 11:00:41 AM,71,156.52820615135,8.80000019073486,23.7800006866455,False,1449918041000
12/14/2015 9:00:58 AM,71.9000015258789,158.512369875002,9.19999980926514,24.0799999237061,False,1450083658000
12/15/2015 9:19:03 AM,72,158.7328287732,8.80000019073486,24.1299991607666,False,1450171143000
12/16/2015 7:59:06 AM,71.3000030517578,157.189599665879,9.60000038146973,23.8799991607666,False,1450252746000
12/17/2015 9:05:33 AM,71.8000030517578,158.291910976804,9.10000038146973,24.0599994659424,False,1450343133000
12/30/2015 10:08:44 AM,71.8000030517578,158.291910976804,10.6000003814697,24.0599994659424,False,1451470124000
1/2/2016 10:46:53 AM,72.0999984741211,158.953287671398,9.39999961853027,24.1599998474121,False,1451731613000
1/3/2016 8:15:20 AM,71.5,157.630517462275,9.60000038146973,23.9599990844727,False,1451808920000
1/5/2016 6:11:23 AM,71.5999984741211,157.850976360473,8.5,24,False,1451974283000
1/7/2016 9:24:48 AM,71.3000030517578,157.189599665879,8.19999980926514,23.8799991607666,False,1452158688000
1/8/2016 8:17:01 AM,71.5999984741211,157.850976360473,9.19999980926514,23.9799995422363,False,1452241021000
1/9/2016 5:29:35 AM,72,158.7328287732,8.80000019073486,24.1299991607666,False,1452317375000
1/10/2016 9:22:53 AM,71.4000015258789,157.410058564077,8.10000038146973,23.9300003051758,False,1452417773000
1/11/2016 8:10:41 AM,72.3000030517578,159.394222287729,8.30000019073486,24.2099990844727,False,1452499841000
1/14/2016 7:42:40 AM,70.8000030517578,156.087288354954,8.80000019073486,23.7299995422363,False,1452757360000
1/15/2016 8:34:27 AM,71.4000015258789,157.410058564077,7.5,23.9099998474121,False,1452846867000
1/16/2016 5:08:58 AM,71,156.52820615135,9.10000038146973,23.7800006866455,False,1452920938000
1/17/2016 9:12:50 AM,71,156.52820615135,7.80000019073486,23.7800006866455,False,1453021970000
1/18/2016 6:16:57 AM,70.6999969482422,155.866812636821,8.10000038146973,23.6800003051758,False,1453097817000
1/23/2016 9:19:01 AM,71.8000030517578,158.291910976804,7.09999990463257,24.0599994659424,False,1453540741000
1/24/2016 10:55:39 AM,71.4000015258789,157.410058564077,7.59999990463257,23.9099998474121,False,1453632939000
1/25/2016 8:28:03 AM,71.4000015258789,157.410058564077,8.30000019073486,23.9099998474121,False,1453710483000
1/29/2016 9:25:27 AM,71.4000015258789,157.410058564077,8,23.9099998474121,False,1454059527000
2/10/2016 8:41:00 AM,71.3000030517578,157.189599665879,8.60000038146973,23.8899993896484,False,1455093660000
2/11/2016 7:52:43 AM,71.4000015258789,157.410058564077,8.60000038146973,23.9300003051758,False,1455177163000
2/13/2016 7:38:11 AM,71.4000015258789,157.410058564077,9.10000038146973,23.9300003051758,False,1455349091000
2/14/2016 4:15:44 AM,71.9000015258789,158.512369875002,9.5,24.1000003814697,False,1455423344000
2/15/2016 7:29:47 AM,70.9000015258789,156.307747253152,7.59999990463257,23.7600002288818,False,1455521387000
2/21/2016 10:02:15 AM,72.3000030517578,159.394222287729,8.60000038146973,24.2299995422363,False,1456048935000
2/22/2016 7:27:11 AM,72.0999984741211,158.953287671398,9.10000038146973,24.1499996185303,False,1456126031000
2/27/2016 7:14:32 AM,71.3000030517578,157.189599665879,9.19999980926514,23.8799991607666,False,1456557272000
3/5/2016 9:01:30 AM,72.5,159.835140084125,9.30000019073486,24.2999992370605,False,1457168490000
3/6/2016 10:15:54 AM,72.5,159.835140084125,9.39999961853027,24.2800006866455,False,1457259354000
3/7/2016 9:33:30 AM,72.9000015258789,160.716992496852,9.10000038146973,24.4300003051758,False,1457343210000
3/12/2016 8:42:03 AM,73,160.93745139505,9.39999961853027,24.4500007629395,False,1457772123000
3/13/2016 9:13:02 AM,72.5999984741211,160.055598982323,9.19999980926514,24.3299999237061,False,1457860382000
3/14/2016 7:45:41 AM,72.4000015258789,159.614681185927,9.39999961853027,24.25,False,1457941541000
3/20/2016 8:25:52 AM,74.0999984741211,163.362532915098,9,24.8199996948242,False,1458462352000
3/21/2016 8:48:58 AM,72.9000015258789,160.716992496852,10.1999998092651,24.4099998474121,False,1458550138000
3/25/2016 8:46:33 AM,72.5999984741211,160.055598982323,9.10000038146973,24.3099994659424,False,1458895593000
3/26/2016 9:00:08 AM,73.1999969482422,161.378369191446,9.5,24.5100002288818,False,1458982808000
3/27/2016 8:32:23 AM,74,163.1420740169,9.5,24.7800006866455,False,1459067543000
3/28/2016 7:35:08 AM,73.9000015258789,162.921615118702,9.69999980926514,24.75,False,1459150508000
3/31/2016 9:02:08 AM,72.5,159.835140084125,10.8000001907349,24.2999992370605,False,1459414928000
4/1/2016 9:13:13 AM,72.6999969482422,160.276057880521,10.1000003814697,24.3500003814697,False,1459501993000
4/2/2016 8:39:40 AM,74.1999969482422,163.582991813296,9.60000038146973,24.8500003814697,False,1459586380000
4/4/2016 9:10:40 AM,73.6999969482422,162.480680502371,10.3000001907349,24.7000007629395,False,1459761040000
4/8/2016 8:17:07 AM,72.4000015258789,159.614681185927,9.39999961853027,24.2600002288818,False,1460103427000
4/9/2016 7:42:00 AM,71.8000030517578,158.291910976804,9.89999961853027,24.0599994659424,False,1460187720000
4/11/2016 9:50:28 AM,71.6999969482422,158.071435258671,11.3000001907349,24.0100002288818,False,1460368228000
4/14/2016 8:41:58 AM,72.8000030517578,160.496533598654,10.1999998092651,24.3999996185303,False,1460623318000
4/15/2016 9:33:22 AM,71.5,157.630517462275,,23.9599990844727,False,1460712802000
4/15/2016 9:33:54 AM,72.1999969482422,159.173746569596,9.30000019073486,24.2000007629395,False,1460712834000
5/8/2016 9:27:02 AM,73.5,162.039762705975,9.89999961853027,24.6100006103516,False,1462699622000
5/9/2016 8:56:08 AM,74.0999984741211,163.362532915098,10.1999998092651,24.8199996948242,False,1462784168000
5/10/2016 8:46:41 AM,74,163.1420740169,10.1999998092651,24.7999992370605,False,1462870001000
5/11/2016 8:38:03 AM,74.1999969482422,163.582991813296,10.6000003814697,24.8700008392334,False,1462955883000
5/12/2016 8:45:17 AM,73.8000030517578,162.701156220504,10.5,24.7299995422363,False,1463042717000
5/20/2016 10:23:10 AM,74.6999969482422,164.685303124221,11.6999998092651,25.0300006866455,False,1463739790000
5/22/2016 9:27:55 AM,74.9000015258789,165.126237740552,11,25.1000003814697,False,1463909275000
5/23/2016 8:01:32 AM,74.8000030517578,164.905778842354,11.5,25.0699996948242,False,1463990492000
5/26/2016 6:47:47 AM,75.3000030517578,166.008090153279,11,25.2299995422363,False,1464245267000
5/27/2016 7:50:20 AM,75.3000030517578,166.008090153279,10.6999998092651,25.2199993133545,False,1464335420000
5/30/2016 9:10:02 AM,75.6999969482422,166.889925746071,11.1999998092651,25.3700008392334,False,1464599402000
5/31/2016 9:00:57 AM,74.6999969482422,164.685303124221,11.6999998092651,25.0300006866455,False,1464685257000
6/1/2016 8:21:52 AM,74.5,164.244385327825,11.6000003814697,24.9500007629395,False,1464769312000
6/3/2016 8:48:34 AM,75.5999984741211,166.669466847873,10.6000003814697,25.3199996948242,False,1464943714000
6/6/2016 9:10:47 AM,75.1999969482422,165.787614435146,11.3999996185303,25.2000007629395,False,1465204247000
6/7/2016 9:10:42 AM,75.6999969482422,166.889925746071,11.5,25.3700008392334,False,1465290642000
6/8/2016 7:55:15 AM,75,165.34669663875,11.8000001907349,25.1200008392334,False,1465372515000
6/13/2016 8:58:21 AM,76.5,168.653630571525,11.3999996185303,25.6399993896484,False,1465808301000
6/14/2016 8:31:48 AM,75.6999969482422,166.889925746071,11.8000001907349,25.3700008392334,False,1465893108000
6/15/2016 8:28:34 AM,75.4000015258789,166.228549051477,12.5,25.25,False,1465979314000
6/16/2016 9:03:59 AM,76.3000030517578,168.212712775129,11.1000003814697,25.5499992370605,False,1466067839000
6/17/2016 8:31:35 AM,76,167.5513192606,11.1999998092651,25.4699993133545,False,1466152295000
6/18/2016 8:17:35 AM,76.4000015258789,168.433171673327,11.1999998092651,25.6000003814697,False,1466237855000
6/20/2016 8:48:39 AM,76.5,168.653630571525,11.3999996185303,25.6399993896484,False,1466412519000
6/21/2016 8:30:00 AM,76,167.5513192606,11.3000001907349,25.4500007629395,False,1466497800000
6/22/2016 7:42:59 AM,76.4000015258789,168.433171673327,11.8999996185303,25.6000003814697,False,1466581379000
6/23/2016 9:21:56 AM,76.4000015258789,168.433171673327,11.8999996185303,25.6000003814697,False,1466673716000
6/25/2016 9:07:26 AM,76.9000015258789,169.535482984252,11.6999998092651,25.75,False,1466845646000
6/27/2016 9:10:45 AM,76.0999984741211,167.771778158798,12.6999998092651,25.5,False,1467018645000
6/28/2016 8:27:38 AM,75.4000015258789,166.228549051477,12.5,25.25,False,1467102458000
6/29/2016 8:43:50 AM,75.5,166.449007949675,12.1000003814697,25.2999992370605,False,1467189830000
6/30/2016 9:13:26 AM,76,167.5513192606,12.3999996185303,25.4699993133545,False,1467278006000
7/2/2016 9:04:42 AM,76.0999984741211,167.771778158798,12.3999996185303,25.5,False,1467450282000
7/3/2016 9:48:53 AM,76.4000015258789,168.433171673327,11.3000001907349,25.5900001525879,False,1467539333000
7/6/2016 8:29:40 AM,76.0999984741211,167.771778158798,12,25.4899997711182,False,1467793780000
7/7/2016 7:46:25 AM,76,167.5513192606,12.3999996185303,25.4500007629395,False,1467877585000
7/8/2016 8:34:45 AM,76,167.5513192606,12.1999998092651,25.4500007629395,False,1467966885000
7/12/2016 7:37:09 AM,75.8000030517578,167.110401464204,12.1000003814697,25.3899993896484,False,1468309029000
7/13/2016 9:21:25 AM,76,167.5513192606,11.1000003814697,25.4699993133545,False,1468401685000
7/15/2016 9:26:34 AM,77.0999984741211,169.976400780648,12.1000003814697,25.8199996948242,False,1468574794000
7/18/2016 8:51:39 AM,76.6999969482422,169.094548367921,12.8000001907349,25.6900005340576,False,1468831899000
7/20/2016 8:09:16 AM,76.5,168.653630571525,12.3999996185303,25.6399993896484,False,1469002156000
7/25/2016 10:47:41 AM,77.5999984741211,171.078712091573,11.6999998092651,25.9899997711182,False,1469443661000
7/25/2016 10:55:43 AM,77.5,170.858253193375,11.6999998092651,25.9699993133545,False,1469444143000
7/26/2016 7:36:19 AM,76.6999969482422,169.094548367921,11.8000001907349,25.6900005340576,False,1469518579000
7/27/2016 7:39:34 AM,76.3000030517578,168.212712775129,12.5,25.5699996948242,False,1469605174000
7/28/2016 6:22:49 AM,77.4000015258789,170.637794295177,11.8999996185303,25.9400005340576,False,1469686969000
7/29/2016 8:17:37 AM,76.4000015258789,168.433171673327,13.1000003814697,25.6000003814697,False,1469780257000
7/30/2016 7:49:44 AM,76.6999969482422,169.094548367921,12.8999996185303,25.7000007629395,False,1469864984000
8/1/2016 6:35:40 AM,77.4000015258789,170.637794295177,12.3000001907349,25.9400005340576,False,1470033340000
8/3/2016 7:36:50 AM,77.0999984741211,169.976400780648,12.5,25.8400001525879,False,1470209810000
8/4/2016 7:42:35 AM,77.0999984741211,169.976400780648,12.6999998092651,25.8199996948242,False,1470296555000
8/9/2016 7:08:23 AM,77.3000030517578,170.417335396979,13.1000003814697,25.8899993896484,False,1470726503000
8/10/2016 6:54:48 AM,77.3000030517578,170.417335396979,13.1000003814697,25.8899993896484,False,1470812088000
8/11/2016 8:14:22 AM,77,169.75594188245,12.8000001907349,25.7999992370605,False,1470903262000
8/12/2016 8:11:55 AM,77,169.75594188245,13.5,25.7900009155273,False,1470989515000
8/13/2016 10:20:27 AM,76.6999969482422,169.094548367921,12.8000001907349,25.7000007629395,False,1471083627000
8/14/2016 10:07:17 AM,77,169.75594188245,12.5,25.7999992370605,False,1471169237000
8/15/2016 7:04:36 AM,76.8000030517578,169.315024086054,13.1000003814697,25.7199993133545,False,1471244676000
8/16/2016 7:00:40 AM,77,169.75594188245,12.1999998092651,25.7999992370605,False,1471330840000
8/17/2016 7:44:27 AM,76.6999969482422,169.094548367921,12.1999998092651,25.7000007629395,False,1471419867000
8/18/2016 6:46:15 AM,76.9000015258789,169.535482984252,11.8000001907349,25.7700004577637,False,1471502775000
8/19/2016 7:17:31 AM,76.0999984741211,167.771778158798,12.6000003814697,25.5,False,1471591051000
8/20/2016 9:09:57 AM,76.5999984741211,168.874089469723,12,25.6700000762939,False,1471684197000
8/21/2016 9:31:18 AM,76.8000030517578,169.315024086054,11.3000001907349,25.7199993133545,False,1471771878000
8/22/2016 7:37:51 AM,77,169.75594188245,12.1999998092651,25.7999992370605,False,1471851471000
8/23/2016 6:53:09 AM,76.1999969482422,167.992237056996,12.1999998092651,25.5200004577637,False,1471935189000
8/24/2016 7:07:51 AM,76.0999984741211,167.771778158798,12.3000001907349,25.4899997711182,False,1472022471000
8/25/2016 6:48:12 AM,76.6999969482422,169.094548367921,11.8000001907349,25.6900005340576,False,1472107692000
8/26/2016 7:36:14 AM,76.1999969482422,167.992237056996,11.8000001907349,25.5200004577637,False,1472196974000
8/27/2016 8:14:47 AM,75.8000030517578,167.110401464204,12.1999998092651,25.3999996185303,False,1472285687000
8/29/2016 6:55:07 AM,77.4000015258789,170.637794295177,11.5,25.9200000762939,False,1472453707000
8/30/2016 6:44:13 AM,76.8000030517578,169.315024086054,11.3999996185303,25.7199993133545,False,1472539453000
8/31/2016 7:36:20 AM,76.9000015258789,169.535482984252,11.6000003814697,25.7700004577637,False,1472628980000
9/1/2016 6:31:26 AM,76.4000015258789,168.433171673327,12.3000001907349,25.5900001525879,False,1472711486000
9/2/2016 7:34:24 AM,75.5999984741211,166.669466847873,12.6000003814697,25.3400001525879,False,1472801664000
9/3/2016 7:24:59 AM,75.8000030517578,167.110401464204,11.8999996185303,25.3899993896484,False,1472887499000
9/4/2016 8:41:20 AM,76,167.5513192606,11.8000001907349,25.4500007629395,False,1472978480000
9/5/2016 8:02:46 AM,75.9000015258789,167.330860362402,12.1000003814697,25.4200000762939,False,1473062566000
9/6/2016 7:36:20 AM,75.5,166.449007949675,11.1999998092651,25.2999992370605,False,1473147380000
9/7/2016 7:50:21 AM,76.0999984741211,167.771778158798,11.6000003814697,25.4899997711182,False,1473234621000
9/8/2016 7:23:41 AM,75.4000015258789,166.228549051477,11.8000001907349,25.2700004577637,False,1473319421000
9/9/2016 7:36:37 AM,75.5999984741211,166.669466847873,12.3999996185303,25.3400001525879,False,1473406597000
9/10/2016 8:21:11 AM,76.1999969482422,167.992237056996,11.8000001907349,25.5400009155273,False,1473495671000
9/11/2016 9:40:16 AM,75.3000030517578,166.008090153279,11.1999998092651,25.2299995422363,False,1473586816000
9/12/2016 7:11:23 AM,75.6999969482422,166.889925746071,11.6000003814697,25.3500003814697,False,1473664283000
9/13/2016 6:37:01 AM,75.5999984741211,166.669466847873,11.8000001907349,25.3199996948242,False,1473748621000
9/14/2016 6:42:06 AM,75.8000030517578,167.110401464204,11.3000001907349,25.3999996185303,False,1473835326000
9/15/2016 6:34:43 AM,74.8000030517578,164.905778842354,12.1999998092651,25.0499992370605,False,1473921283000
9/16/2016 6:42:58 AM,75,165.34669663875,11.8999996185303,25.1299991607666,False,1474008178000
9/17/2016 7:00:29 AM,75.1999969482422,165.787614435146,11.8999996185303,25.2000007629395,False,1474095629000
9/18/2016 8:49:02 AM,75.5,166.449007949675,11.1999998092651,25.2999992370605,False,1474188542000
9/19/2016 6:57:42 AM,76,167.5513192606,12,25.4699993133545,False,1474268262000
9/20/2016 7:17:35 AM,75.5,166.449007949675,11.1999998092651,25.2999992370605,False,1474355855000
9/21/2016 6:49:40 AM,75.5999984741211,166.669466847873,12.1000003814697,25.3400001525879,False,1474440580000
9/22/2016 7:23:19 AM,75.8000030517578,167.110401464204,12.1999998092651,25.3899993896484,False,1474528999000
9/23/2016 7:47:10 AM,76.1999969482422,167.992237056996,11,25.5200004577637,False,1474616830000
9/24/2016 7:48:56 AM,76,167.5513192606,12.1999998092651,25.4500007629395,False,1474703336000
9/25/2016 8:12:05 AM,76.4000015258789,168.433171673327,11.6000003814697,25.6000003814697,False,1474791125000
9/25/2016 9:57:02 AM,76.0999984741211,167.771778158798,12.3000001907349,25.4899997711182,False,1474797422000
9/26/2016 7:04:16 AM,76.9000015258789,169.535482984252,11.3000001907349,25.75,False,1474873456000
9/27/2016 6:58:48 AM,76.3000030517578,168.212712775129,11.6000003814697,25.5499992370605,False,1474959528000
9/28/2016 6:15:48 AM,76,167.5513192606,11.6999998092651,25.4699993133545,False,1475043348000
10/2/2016 8:08:12 AM,77.0999984741211,169.976400780648,11.1000003814697,25.8400001525879,False,1475395692000
10/3/2016 6:51:18 AM,76.1999969482422,167.992237056996,11.8999996185303,25.5400009155273,False,1475477478000
10/4/2016 7:12:42 AM,75.3000030517578,166.008090153279,12,25.2199993133545,False,1475565162000
10/5/2016 7:29:58 AM,,,12.5,,False,1475652598000
10/5/2016 11:59:59 PM,74.9000015258789,165.126237740552,,25.0799999237061,True,1475711999000
10/6/2016 7:15:14 AM,,,11.5,,False,1475738114000
10/6/2016 11:59:59 PM,75.6999969482422,166.889925746071,,25.3700008392334,True,1475798399000
10/7/2016 7:46:10 AM,,,12,,False,1475826370000
10/7/2016 11:59:59 PM,75.3000030517578,166.008090153279,,25.2299995422363,True,1475884799000
10/8/2016 9:10:59 AM,,,10.8000001907349,,False,1475917859000
10/8/2016 11:59:59 PM,74.9000015258789,165.126237740552,,25.1000003814697,True,1475971199000
10/11/2016 7:41:02 AM,,,11.8000001907349,,False,1476171662000
10/11/2016 11:59:59 PM,70.5999984741211,155.646353738623,,23.6700000762939,True,1476230399000
10/12/2016 7:55:14 AM,75.8000030517578,167.110401464204,11.1999998092651,25.3999996185303,False,1476258914000
10/18/2016 9:54:08 PM,77.8000030517578,171.519646707904,9.30000019073486,26.0599994659424,False,1476827648000
10/20/2016 7:25:01 AM,75.6999969482422,166.889925746071,10.8999996185303,25.3500003814697,False,1476948301000
10/24/2016 3:45:31 PM,78.6999969482422,173.503793611621,,26.3700008392334,False,1477323931000
10/25/2016 7:18:14 AM,76.0999984741211,167.771778158798,11.3999996185303,25.4899997711182,False,1477379894000
10/25/2016 7:20:38 AM,76.1999969482422,167.992237056996,11.6000003814697,25.5400009155273,False,1477380038000
10/26/2016 7:04:49 AM,76,167.5513192606,12.1000003814697,25.4500007629395,False,1477465489000
10/27/2016 7:07:42 AM,76,167.5513192606,12.3999996185303,25.4500007629395,False,1477552062000
10/28/2016 8:14:49 AM,75.3000030517578,166.008090153279,12.1000003814697,25.2199993133545,False,1477642489000
11/5/2016 9:17:15 AM,77.4000015258789,170.637794295177,10.3000001907349,25.9200000762939,False,1478337435000
11/7/2016 7:55:37 AM,76.8000030517578,169.315024086054,12.6999998092651,25.7399997711182,False,1478505337000
11/8/2016 6:36:24 AM,76.4000015258789,168.433171673327,12.3999996185303,25.5900001525879,False,1478586984000
11/9/2016 8:10:04 AM,75.6999969482422,166.889925746071,13.3000001907349,25.3700008392334,False,1478679004000
11/10/2016 7:54:55 AM,76.8000030517578,169.315024086054,13.1000003814697,25.7399997711182,False,1478764495000
11/13/2016 7:50:49 AM,75.8000030517578,167.110401464204,12.3999996185303,25.3999996185303,False,1479023449000
11/14/2016 7:49:09 AM,76.4000015258789,168.433171673327,12,25.5900001525879,False,1479109749000
11/15/2016 6:41:13 AM,75.8000030517578,167.110401464204,11.8999996185303,25.3899993896484,False,1479192073000
11/16/2016 7:28:45 AM,75.8000030517578,167.110401464204,11.8000001907349,25.3999996185303,False,1479281325000
11/17/2016 8:08:19 AM,76,167.5513192606,12.6999998092651,25.4500007629395,False,1479370099000
11/18/2016 7:11:47 AM,75.6999969482422,166.889925746071,12.1000003814697,25.3500003814697,False,1479453107000
11/20/2016 8:47:34 AM,76.1999969482422,167.992237056996,12.1000003814697,25.5400009155273,False,1479631654000
11/21/2016 8:13:05 AM,76,167.5513192606,12.1999998092651,25.4699993133545,False,1479715985000
11/22/2016 7:59:54 AM,75.6999969482422,166.889925746071,11.8000001907349,25.3500003814697,False,1479801594000
11/23/2016 8:23:09 AM,75.8000030517578,167.110401464204,12.3999996185303,25.3899993896484,False,1479889389000
11/25/2016 9:10:17 AM,76.3000030517578,168.212712775129,12,25.5699996948242,False,1480065017000
11/27/2016 10:45:11 AM,76.1999969482422,167.992237056996,12.6999998092651,25.5200004577637,False,1480243511000
11/28/2016 7:59:35 AM,76.5999984741211,168.874089469723,12.3000001907349,25.6700000762939,False,1480319975000
11/29/2016 7:39:49 AM,76.1999969482422,167.992237056996,11.8999996185303,25.5200004577637,False,1480405189000
12/1/2016 7:33:08 AM,76.0999984741211,167.771778158798,12.8000001907349,25.4899997711182,False,1480577588000
12/2/2016 7:31:31 AM,75.9000015258789,167.330860362402,11.8000001907349,25.4200000762939,False,1480663891000
12/3/2016 8:23:53 AM,76.3000030517578,168.212712775129,12.5,25.5499992370605,False,1480753433000
12/4/2016 9:07:17 AM,76.0999984741211,167.771778158798,11.6000003814697,25.5,False,1480842437000
12/12/2016 7:30:05 AM,76.4000015258789,168.433171673327,11.3000001907349,25.5900001525879,False,1481527805000
12/14/2016 8:18:35 AM,76.0999984741211,167.771778158798,12.6000003814697,25.4899997711182,False,1481703515000
12/15/2016 7:48:38 AM,75.8000030517578,167.110401464204,12.1999998092651,25.3899993896484,False,1481788118000
12/16/2016 8:17:53 AM,76.4000015258789,168.433171673327,11.8999996185303,25.6000003814697,False,1481876273000
12/17/2016 10:35:36 AM,76.9000015258789,169.535482984252,12.6000003814697,25.7700004577637,False,1481970936000
12/18/2016 11:02:58 AM,76.9000015258789,169.535482984252,12,25.75,False,1482058978000
12/19/2016 8:09:03 AM,76.5999984741211,168.874089469723,12.1999998092651,25.6700000762939,False,1482134943000
12/20/2016 7:35:28 AM,76.6999969482422,169.094548367921,12.3999996185303,25.7000007629395,False,1482219328000
12/21/2016 5:38:31 AM,76.8000030517578,169.315024086054,12.8999996185303,25.7399997711182,False,1482298711000
12/22/2016 8:08:55 AM,76.8000030517578,169.315024086054,12.1999998092651,25.7199993133545,False,1482394135000
12/22/2016 11:59:59 PM,72.5,159.835140084125,10,24.3099994659424,True,1482451199000
12/28/2016 7:48:32 AM,77.4000015258789,170.637794295177,12.1000003814697,25.9200000762939,False,1482911312000
12/29/2016 8:23:18 AM,77.5,170.858253193375,11.6999998092651,25.9500007629395,False,1482999798000
12/30/2016 7:49:52 AM,77.0999984741211,169.976400780648,11.6999998092651,25.8199996948242,False,1483084192000
12/31/2016 10:07:44 AM,77.4000015258789,170.637794295177,13,25.9400005340576,False,1483178864000
1/2/2017 8:40:10 AM,77.9000015258789,171.740105606102,12.5,26.0900001525879,False,1483346410000
1/3/2017 7:59:34 AM,78.3000030517578,172.621958018829,12.1999998092651,26.2199993133545,False,1483430374000
1/3/2017 4:02:59 PM,80.1999969482422,176.810727544396,11.5,26.8799991607666,False,1483459379000
1/4/2017 11:07:40 AM,78.9000015258789,173.944728227952,,26.4400005340576,False,1483528060000
1/5/2017 7:43:08 AM,78.5,173.062875815225,12,26.2900009155273,False,1483602188000
1/9/2017 7:39:47 AM,77.5,170.858253193375,12,25.9699993133545,False,1483947587000
1/10/2017 7:55:36 AM,77.3000030517578,170.417335396979,12.3999996185303,25.8899993896484,False,1484034936000
1/11/2017 8:23:19 AM,77.5,170.858253193375,12.5,25.9500007629395,False,1484122999000
1/12/2017 8:22:57 AM,77.4000015258789,170.637794295177,12.6999998092651,25.9200000762939,False,1484209377000
1/13/2017 7:55:00 AM,77.5,170.858253193375,12.8999996185303,25.9699993133545,False,1484294100000
1/14/2017 9:21:19 AM,77.0999984741211,169.976400780648,12.1999998092651,25.8400001525879,False,1484385679000
1/16/2017 8:00:39 AM,77.6999969482422,171.299170989771,11.6999998092651,26.0400009155273,False,1484553639000
1/17/2017 7:50:15 AM,77.8000030517578,171.519646707904,12.1000003814697,26.0599994659424,False,1484639415000
1/18/2017 7:40:45 AM,77.0999984741211,169.976400780648,11.6000003814697,25.8400001525879,False,1484725245000
1/18/2017 11:59:59 PM,77.0999984741211,169.976400780648,,25.8400001525879,True,1484783999000
1/19/2017 7:25:09 AM,77.1999969482422,170.196859678846,12.8999996185303,25.8500003814697,False,1484810709000
1/20/2017 8:45:37 AM,77.1999969482422,170.196859678846,13,25.8700008392334,False,1484901937000
1/23/2017 7:56:41 AM,77.6999969482422,171.299170989771,12.6000003814697,26.0200004577637,False,1485158201000
1/25/2017 8:09:12 AM,77.5,170.858253193375,12.3999996185303,25.9500007629395,False,1485331752000
1/26/2017 8:00:48 AM,77.0999984741211,169.976400780648,11.6999998092651,25.8199996948242,False,1485417648000
1/27/2017 8:11:44 AM,77.3000030517578,170.417335396979,11.1000003814697,25.8899993896484,False,1485504704000
1/28/2017 8:18:03 AM,76.9000015258789,169.535482984252,12.6000003814697,25.7700004577637,False,1485591483000
1/30/2017 12:37:35 PM,79.6999969482422,175.708416233471,,26.6900005340576,False,1485779855000
1/30/2017 12:38:36 PM,79.1999969482422,174.606104922546,,26.5200004577637,False,1485779916000
1/31/2017 8:25:55 AM,77.6999969482422,171.299170989771,11.8000001907349,26.0400009155273,False,1485851155000
2/1/2017 7:44:43 AM,77.6999969482422,171.299170989771,12.1000003814697,26.0400009155273,False,1485935083000
2/2/2017 6:19:42 AM,77.6999969482422,171.299170989771,12.3999996185303,26.0400009155273,False,1486016382000
2/3/2017 7:55:17 AM,77.1999969482422,170.196859678846,12.6000003814697,25.8700008392334,False,1486108517000
2/6/2017 8:01:23 AM,78.0999984741211,172.181023402498,11.8999996185303,26.1599998474121,False,1486368083000
2/7/2017 7:57:36 AM,77.1999969482422,170.196859678846,12.3999996185303,25.8500003814697,False,1486454256000
2/8/2017 7:36:08 AM,77.1999969482422,170.196859678846,12.1999998092651,25.8700008392334,False,1486539368000
2/9/2017 7:41:53 AM,76.6999969482422,169.094548367921,12.1999998092651,25.6900005340576,False,1486626113000
2/10/2017 7:39:35 AM,76.8000030517578,169.315024086054,12.3000001907349,25.7399997711182,False,1486712375000
2/11/2017 11:38:10 AM,76.1999969482422,167.992237056996,11.8000001907349,25.5200004577637,False,1486813090000
2/12/2017 8:38:32 AM,77.0999984741211,169.976400780648,12.1000003814697,25.8400001525879,False,1486888712000
2/13/2017 7:59:29 AM,77.5,170.858253193375,11.5,25.9500007629395,False,1486972769000
2/14/2017 7:59:11 AM,76.5,168.653630571525,12.1000003814697,25.6200008392334,False,1487059151000
2/15/2017 8:12:51 AM,76.5999984741211,168.874089469723,12.6000003814697,25.6700000762939,False,1487146371000
2/16/2017 7:28:16 AM,76.9000015258789,169.535482984252,12.5,25.75,False,1487230096000
2/17/2017 8:32:05 AM,76.9000015258789,169.535482984252,12,25.7700004577637,False,1487320325000
2/19/2017 8:31:00 AM,76.6999969482422,169.094548367921,12.5,25.6900005340576,False,1487493060000
2/21/2017 7:57:09 AM,77.1999969482422,170.196859678846,11.8000001907349,25.8500003814697,False,1487663829000
2/22/2017 4:44:30 AM,76.6999969482422,169.094548367921,12.6999998092651,25.6900005340576,False,1487738670000
2/25/2017 8:56:07 AM,76.5999984741211,168.874089469723,11.3999996185303,25.6700000762939,False,1488012967000
2/26/2017 8:28:07 AM,76.5999984741211,168.874089469723,11.8000001907349,25.6700000762939,False,1488097687000
2/27/2017 7:59:27 AM,77.5,170.858253193375,11.3999996185303,25.9500007629395,False,1488182367000
2/28/2017 8:10:46 AM,76.8000030517578,169.315024086054,12,25.7199993133545,False,1488269446000
3/1/2017 7:38:49 AM,77.1999969482422,170.196859678846,12.3999996185303,25.8500003814697,False,1488353929000
3/6/2017 7:43:55 AM,77.3000030517578,170.417335396979,12.3000001907349,25.8899993896484,False,1488786235000
3/7/2017 6:54:17 AM,77.1999969482422,170.196859678846,11.6000003814697,25.8500003814697,False,1488869657000
3/8/2017 7:57:06 AM,76.5,168.653630571525,12,25.6200008392334,False,1488959826000
3/9/2017 7:24:00 AM,76.3000030517578,168.212712775129,11.8999996185303,25.5699996948242,False,1489044240000
3/10/2017 7:18:43 AM,76.4000015258789,168.433171673327,12,25.5900001525879,False,1489130323000
3/15/2017 8:16:22 AM,76.9000015258789,169.535482984252,11.3999996185303,25.75,False,1489565782000
3/17/2017 8:07:18 AM,77.3000030517578,170.417335396979,11.6999998092651,25.8999996185303,False,1489738038000
3/20/2017 8:00:42 AM,78.5,173.062875815225,12.1000003814697,26.3099994659424,False,1489996842000
3/21/2017 8:04:50 AM,77.5999984741211,171.078712091573,12.3000001907349,26,False,1490083490000
3/22/2017 7:26:45 AM,76.8000030517578,169.315024086054,13,25.7399997711182,False,1490167605000
3/23/2017 8:09:48 AM,76.9000015258789,169.535482984252,12.8000001907349,25.75,False,1490256588000
4/1/2017 10:01:10 AM,76.6999969482422,169.094548367921,12.1999998092651,25.7000007629395,False,1491040870000
4/3/2017 7:58:21 AM,78.5,173.062875815225,12,26.3099994659424,False,1491206301000
4/4/2017 6:42:26 AM,77.5,170.858253193375,13,25.9699993133545,False,1491288146000
4/5/2017 7:45:42 AM,77.1999969482422,170.196859678846,12.8000001907349,25.8500003814697,False,1491378342000
4/7/2017 8:04:50 AM,77.4000015258789,170.637794295177,12.3999996185303,25.9400005340576,False,1491552290000
4/9/2017 8:49:20 AM,78.3000030517578,172.621958018829,12.1000003814697,26.2199993133545,False,1491727760000
4/10/2017 7:29:11 AM,78.9000015258789,173.944728227952,11.8999996185303,26.4400005340576,False,1491809351000
4/11/2017 7:28:11 AM,77.9000015258789,171.740105606102,12.5,26.0900001525879,False,1491895691000
4/12/2017 7:53:38 AM,77.9000015258789,171.740105606102,12.3000001907349,26.0900001525879,False,1491983618000
4/13/2017 7:24:11 AM,77,169.75594188245,13.1000003814697,25.7900009155273,False,1492068251000
4/14/2017 7:36:29 AM,76.5999984741211,168.874089469723,13.1000003814697,25.6700000762939,False,1492155389000
4/15/2017 7:05:25 AM,77.5,170.858253193375,11.5,25.9699993133545,False,1492239925000
4/16/2017 9:02:07 AM,77.6999969482422,171.299170989771,11.1999998092651,26.0200004577637,False,1492333327000
4/17/2017 7:08:54 AM,78.0999984741211,172.181023402498,11.6000003814697,26.1599998474121,False,1492412934000
4/18/2017 6:31:36 AM,77.1999969482422,170.196859678846,11.8000001907349,25.8700008392334,False,1492497096000
4/23/2017 7:57:47 AM,77.8000030517578,171.519646707904,10.6000003814697,26.0599994659424,False,1492934267000
4/24/2017 7:25:56 AM,77.8000030517578,171.519646707904,11.6000003814697,26.0699996948242,False,1493018756000
4/25/2017 7:31:18 AM,77.1999969482422,170.196859678846,12,25.8700008392334,False,1493105478000
4/26/2017 7:01:43 AM,77.5,170.858253193375,12.5,25.9500007629395,False,1493190103000
4/27/2017 6:45:09 AM,76.9000015258789,169.535482984252,12.5,25.75,False,1493275509000
4/28/2017 7:27:39 AM,76.8000030517578,169.315024086054,12,25.7199993133545,False,1493364459000
5/3/2017 6:52:27 AM,76.8000030517578,169.315024086054,11.6000003814697,25.7199993133545,False,1493794347000
5/5/2017 8:08:08 AM,77.4000015258789,170.637794295177,11.8999996185303,25.9200000762939,False,1493971688000
5/9/2017 7:46:13 AM,78.1999969482422,172.401482300696,12.6999998092651,26.2099990844727,False,1494315973000
5/10/2017 8:07:20 AM,78.0999984741211,172.181023402498,13,26.1700000762939,False,1494403640000
5/11/2017 8:13:27 AM,78.6999969482422,173.503793611621,12,26.3700008392334,False,1494490407000
5/12/2017 7:28:20 AM,78.5999984741211,173.283334713423,12.1999998092651,26.3199996948242,False,1494574100000
5/16/2017 7:07:53 AM,78.5999984741211,173.283334713423,11.6999998092651,26.3199996948242,False,1494918473000
5/17/2017 6:58:58 AM,78.1999969482422,172.401482300696,12.3999996185303,26.2099990844727,False,1495004338000
5/18/2017 7:00:21 AM,77.6999969482422,171.299170989771,12.3000001907349,26.0400009155273,False,1495090821000
5/19/2017 7:30:43 AM,77.1999969482422,170.196859678846,13,25.8700008392334,False,1495179043000
5/20/2017 7:12:49 AM,77.5999984741211,171.078712091573,11.6000003814697,25.9899997711182,False,1495264369000
5/21/2017 7:37:46 AM,77.8000030517578,171.519646707904,11.6000003814697,26.0699996948242,False,1495352266000
5/22/2017 7:21:06 AM,78.5999984741211,173.283334713423,11.3000001907349,26.3199996948242,False,1495437666000
5/23/2017 6:23:43 AM,78.5,173.062875815225,11.5,26.2900009155273,False,1495520623000
5/24/2017 7:24:11 AM,77.5999984741211,171.078712091573,12.3999996185303,25.9899997711182,False,1495610651000
5/25/2017 7:25:55 AM,77.1999969482422,170.196859678846,12.5,25.8500003814697,False,1495697155000
5/26/2017 6:59:46 AM,77.4000015258789,170.637794295177,12.1000003814697,25.9200000762939,False,1495781986000
5/27/2017 7:16:19 AM,77.6999969482422,171.299170989771,12.6000003814697,26.0400009155273,False,1495869379000
5/28/2017 8:46:06 AM,78.5,173.062875815225,10.8999996185303,26.2900009155273,False,1495961166000
6/3/2017 6:10:24 AM,78,171.9605645043,10.8000001907349,26.1200008392334,False,1496470224000
6/4/2017 6:33:24 AM,76.8000030517578,169.315024086054,11.3000001907349,25.7399997711182,False,1496558004000
6/5/2017 7:25:41 AM,77.8000030517578,171.519646707904,11.3000001907349,26.0699996948242,False,1496647541000
6/6/2017 7:00:17 AM,76.8000030517578,169.315024086054,12,25.7199993133545,False,1496732417000
6/7/2017 6:55:37 AM,76.5999984741211,168.874089469723,11.3999996185303,25.6499996185303,False,1496818537000
6/11/2017 9:44:49 AM,77,169.75594188245,10.8999996185303,25.7900009155273,False,1497174289000
6/12/2017 7:22:09 AM,76.4000015258789,168.433171673327,11.8000001907349,25.6000003814697,False,1497252129000
6/13/2017 6:05:28 AM,77,169.75594188245,10.5,25.7999992370605,False,1497333928000
6/14/2017 6:50:24 AM,75.5999984741211,166.669466847873,11.3999996185303,25.3400001525879,False,1497423024000
6/15/2017 7:09:53 AM,76.5,168.653630571525,10.5,25.6399993896484,False,1497510593000
6/16/2017 7:32:27 AM,76.5,168.653630571525,11.8999996185303,25.6200008392334,False,1497598347000
6/17/2017 6:01:56 AM,75.8000030517578,167.110401464204,11.5,25.3999996185303,False,1497679316000
6/18/2017 8:30:36 AM,75.8000030517578,167.110401464204,11.5,25.3999996185303,False,1497774636000
6/19/2017 7:59:42 AM,76.1999969482422,167.992237056996,10.3000001907349,25.5400009155273,False,1497859182000
6/20/2017 7:22:40 AM,76.4000015258789,168.433171673327,10.1000003814697,25.5900001525879,False,1497943360000
6/27/2017 8:13:16 AM,76.3000030517578,168.212712775129,10.5,25.5499992370605,False,1498551196000
6/28/2017 7:27:21 AM,75.8000030517578,167.110401464204,11.6000003814697,25.3899993896484,False,1498634841000
6/29/2017 7:17:49 AM,75.0999984741211,165.567155536948,12.1000003814697,25.1700000762939,False,1498720669000
6/30/2017 7:26:52 AM,75.1999969482422,165.787614435146,11.1000003814697,25.1800003051758,False,1498807612000
7/1/2017 8:10:55 AM,75.1999969482422,165.787614435146,12,25.1800003051758,False,1498896655000
7/2/2017 9:33:29 AM,75.1999969482422,165.787614435146,10.6000003814697,25.1800003051758,False,1498988009000
7/3/2017 7:39:56 AM,75.1999969482422,165.787614435146,10.5,25.1800003051758,False,1499067596000
7/4/2017 5:42:05 AM,76.0999984741211,167.771778158798,9.19999980926514,25.4899997711182,False,1499146925000
7/5/2017 6:58:55 AM,75.9000015258789,167.330860362402,10.3999996185303,25.4400005340576,False,1499237935000
7/6/2017 6:12:30 AM,76.1999969482422,167.992237056996,10.8000001907349,25.5400009155273,False,1499321550000
7/7/2017 7:10:05 AM,75.5999984741211,166.669466847873,10.5,25.3199996948242,False,1499411405000
7/8/2017 6:33:07 AM,74.9000015258789,165.126237740552,10.8000001907349,25.0799999237061,False,1499495587000
7/9/2017 7:23:58 AM,76.1999969482422,167.992237056996,10.1999998092651,25.5200004577637,False,1499585038000
7/10/2017 7:17:54 AM,75.5,166.449007949675,11.1999998092651,25.2999992370605,False,1499671074000
7/11/2017 7:18:54 AM,75.5,166.449007949675,10.6999998092651,25.2999992370605,False,1499757534000
7/12/2017 8:12:44 AM,74.9000015258789,165.126237740552,10.5,25.0799999237061,False,1499847164000
7/13/2017 7:50:34 AM,75.1999969482422,165.787614435146,10.8999996185303,25.1800003051758,False,1499932234000
7/15/2017 6:23:43 AM,75.3000030517578,166.008090153279,10.6000003814697,25.2299995422363,False,1500099823000
7/16/2017 8:57:45 AM,75.5999984741211,166.669466847873,10.8999996185303,25.3199996948242,False,1500195465000
7/17/2017 7:20:11 AM,74.8000030517578,164.905778842354,10.3000001907349,25.0499992370605,False,1500276011000
7/18/2017 7:05:50 AM,74.8000030517578,164.905778842354,9.89999961853027,25.0699996948242,False,1500361550000
7/19/2017 6:51:32 AM,74.4000015258789,164.023926429627,10.3999996185303,24.9300003051758,False,1500447092000
7/20/2017 7:06:13 AM,74.9000015258789,165.126237740552,10.6999998092651,25.0799999237061,False,1500534373000
7/21/2017 6:02:47 AM,74.0999984741211,163.362532915098,10.8000001907349,24.8299999237061,False,1500616967000
7/24/2017 7:20:17 AM,74.8000030517578,164.905778842354,9.80000019073486,25.0499992370605,False,1500880817000
7/25/2017 7:19:26 AM,74.5999984741211,164.464844226023,9.80000019073486,25,False,1500967166000
7/26/2017 7:25:03 AM,74.8000030517578,164.905778842354,10.1000003814697,25.0699996948242,False,1501053903000
7/27/2017 7:06:13 AM,74.0999984741211,163.362532915098,10.3999996185303,24.8299999237061,False,1501139173000
7/28/2017 6:50:01 AM,73.8000030517578,162.701156220504,10.1000003814697,24.7199993133545,False,1501224601000
7/29/2017 8:17:53 AM,73.6999969482422,162.480680502371,10.1999998092651,24.6800003051758,False,1501316273000
7/31/2017 7:16:54 AM,74.3000030517578,163.803467531429,10.3000001907349,24.8999996185303,False,1501485414000
8/1/2017 7:23:47 AM,73.5999984741211,162.260221604173,9.5,24.6499996185303,False,1501572227000
8/2/2017 7:36:28 AM,73.5,162.039762705975,9.60000038146973,24.6100006103516,False,1501659388000
8/3/2017 7:21:08 AM,73.3000030517578,161.598844909579,10.1000003814697,24.5599994659424,False,1501744868000
8/4/2017 6:46:44 AM,73.6999969482422,162.480680502371,9.60000038146973,24.7000007629395,False,1501829204000
8/7/2017 8:30:46 AM,75.5,166.449007949675,8.5,25.2999992370605,False,1502094646000
8/8/2017 7:37:01 AM,73.9000015258789,162.921615118702,8.89999961853027,24.75,False,1502177821000
8/9/2017 7:31:06 AM,73.1999969482422,161.378369191446,9.39999961853027,24.5100002288818,False,1502263866000
8/10/2017 7:20:20 AM,74.4000015258789,164.023926429627,9.10000038146973,24.9300003051758,False,1502349620000
8/11/2017 7:43:35 AM,73.5999984741211,162.260221604173,10,24.6700000762939,False,1502437415000
8/12/2017 11:01:16 AM,72.9000015258789,160.716992496852,9.80000019073486,24.4300003051758,False,1502535676000
8/13/2017 9:08:59 AM,73.6999969482422,162.480680502371,9.5,24.7000007629395,False,1502615339000
8/14/2017 6:29:06 AM,73.5,162.039762705975,10.3000001907349,24.6100006103516,False,1502692146000
8/15/2017 7:50:18 AM,72.6999969482422,160.276057880521,9.10000038146973,24.3500003814697,False,1502783418000
8/16/2017 7:06:20 AM,72.8000030517578,160.496533598654,9.69999980926514,24.3999996185303,False,1502867180000
8/17/2017 8:29:10 AM,73,160.93745139505,9,24.4599990844727,False,1502958550000
8/18/2017 7:53:25 AM,73.4000015258789,161.819303807777,9.60000038146973,24.5799999237061,False,1503042805000
8/19/2017 7:40:19 AM,72.5999984741211,160.055598982323,10,24.3099994659424,False,1503128419000
8/21/2017 8:02:45 AM,73.5,162.039762705975,9,24.6299991607666,False,1503302565000
8/22/2017 8:17:05 AM,73.5,162.039762705975,8.89999961853027,24.6100006103516,False,1503389825000
8/23/2017 7:55:44 AM,72.6999969482422,160.276057880521,9.10000038146973,24.3500003814697,False,1503474944000
8/24/2017 7:37:25 AM,73,160.93745139505,9.60000038146973,24.4599990844727,False,1503560245000
8/29/2017 7:38:54 AM,74.3000030517578,163.803467531429,8.89999961853027,24.8799991607666,False,1503992334000
8/30/2017 8:00:07 AM,74.5,164.244385327825,8.89999961853027,24.9500007629395,False,1504080007000
8/31/2017 6:26:10 AM,74,163.1420740169,9.19999980926514,24.7800006866455,False,1504160770000
9/1/2017 8:08:10 AM,73.1999969482422,161.378369191446,9.60000038146973,24.5100002288818,False,1504253290000
9/2/2017 8:11:17 AM,72.9000015258789,160.716992496852,9.80000019073486,24.4099998474121,False,1504339877000
9/3/2017 8:17:09 AM,73.3000030517578,161.598844909579,10,24.5499992370605,False,1504426629000
9/4/2017 9:20:37 AM,72.3000030517578,159.394222287729,10.1000003814697,24.2299995422363,False,1504516837000
9/6/2017 8:30:25 AM,73.8000030517578,162.701156220504,9.5,24.7199993133545,False,1504686625000
9/11/2017 7:19:52 AM,74.1999969482422,163.582991813296,10.3000001907349,24.8500003814697,False,1505114392000
9/13/2017 8:17:27 AM,74.4000015258789,164.023926429627,9.5,24.9300003051758,False,1505290647000
9/18/2017 8:06:45 AM,74.3000030517578,163.803467531429,10.6000003814697,24.8999996185303,False,1505722005000
9/22/2017 7:47:33 AM,74,163.1420740169,11,24.7999992370605,False,1506066453000
9/23/2017 8:33:57 AM,74.1999969482422,163.582991813296,10.6000003814697,24.8500003814697,False,1506155637000
9/24/2017 10:01:16 AM,73.8000030517578,162.701156220504,10.1000003814697,24.7299995422363,False,1506247276000
9/25/2017 7:49:53 AM,75,165.34669663875,9.89999961853027,25.1200008392334,False,1506325793000
9/26/2017 7:26:12 AM,74.3000030517578,163.803467531429,10.1999998092651,24.8999996185303,False,1506410772000
9/27/2017 8:01:21 AM,73.5999984741211,162.260221604173,10.8999996185303,24.6700000762939,False,1506499281000
9/28/2017 7:54:30 AM,74,163.1420740169,10.3999996185303,24.7800006866455,False,1506585270000
9/29/2017 8:03:10 AM,74.1999969482422,163.582991813296,10.6999998092651,24.8500003814697,False,1506672190000
10/1/2017 9:31:25 AM,74.6999969482422,164.685303124221,10,25.0300006866455,False,1506850285000
10/2/2017 7:40:50 AM,74.6999969482422,164.685303124221,11.1999998092651,25.0300006866455,False,1506930050000
10/7/2017 5:48:57 AM,75.5999984741211,166.669466847873,10.1000003814697,25.3400001525879,False,1507355337000
10/16/2017 7:15:13 AM,76.4000015258789,168.433171673327,11.3000001907349,25.5900001525879,False,1508138113000
10/17/2017 8:17:42 AM,75.9000015258789,167.330860362402,11.3999996185303,25.4400005340576,False,1508228262000
10/19/2017 8:00:37 AM,76.0999984741211,167.771778158798,11,25.5,False,1508400037000
10/22/2017 9:41:42 AM,76.1999969482422,167.992237056996,11.1999998092651,25.5200004577637,False,1508665302000
10/24/2017 8:03:37 AM,76.5999984741211,168.874089469723,10.8000001907349,25.6700000762939,False,1508832217000
10/28/2017 8:26:30 AM,76.3000030517578,168.212712775129,11,25.5499992370605,False,1509179190000
10/30/2017 7:32:15 AM,77.4000015258789,170.637794295177,11.1000003814697,25.9200000762939,False,1509348735000
11/2/2017 8:01:52 AM,76.8000030517578,169.315024086054,11.1000003814697,25.7199993133545,False,1509609712000
11/6/2017 7:19:28 AM,77.5,170.858253193375,11.1000003814697,25.9500007629395,False,1509952768000
11/7/2017 7:22:22 AM,77.1999969482422,170.196859678846,11.5,25.8700008392334,False,1510039342000
11/13/2017 7:53:05 AM,76.5,168.653630571525,12.3999996185303,25.6399993896484,False,1510559585000
11/13/2017 7:53:32 AM,76.5,168.653630571525,12.6000003814697,25.6200008392334,False,1510559612000
11/14/2017 7:29:11 AM,77.3000030517578,170.417335396979,12.6000003814697,25.8999996185303,False,1510644551000
11/14/2017 7:29:29 AM,77.4000015258789,170.637794295177,13,25.9400005340576,False,1510644569000
11/15/2017 7:36:42 AM,77.5999984741211,171.078712091573,12.1999998092651,25.9899997711182,False,1510731402000
11/15/2017 7:37:05 AM,77.5999984741211,171.078712091573,12.3000001907349,25.9899997711182,False,1510731425000
11/20/2017 8:03:41 AM,78.0999984741211,172.181023402498,12.8000001907349,26.1599998474121,False,1511165021000
11/21/2017 7:01:47 AM,78,171.9605645043,12.5,26.1200008392334,False,1511247707000
11/27/2017 7:47:16 AM,79.3000030517578,174.826580640679,,26.5599994659424,False,1511768836000
11/29/2017 7:23:07 AM,79.1999969482422,174.606104922546,12.6000003814697,26.5400009155273,False,1511940187000
11/30/2017 7:40:47 AM,78.3000030517578,172.621958018829,13.6000003814697,26.2199993133545,False,1512027647000
12/1/2017 8:08:11 AM,78.1999969482422,172.401482300696,12.6999998092651,26.2099990844727,False,1512115691000
12/4/2017 7:35:39 AM,79.0999984741211,174.385646024348,12.8000001907349,26.5100002288818,False,1512372939000
12/5/2017 7:19:45 AM,78.6999969482422,173.503793611621,13.3999996185303,26.3700008392334,False,1512458385000
12/9/2017 9:02:24 AM,79.0999984741211,174.385646024348,12.8000001907349,26.5100002288818,False,1512810144000
12/11/2017 7:44:40 AM,79.5,175.267498437075,12.6000003814697,26.6399993896484,False,1512978280000
12/12/2017 7:19:47 AM,78.6999969482422,173.503793611621,13.1999998092651,26.3600006103516,False,1513063187000
12/13/2017 7:10:37 AM,78.9000015258789,173.944728227952,12.6999998092651,26.4200000762939,False,1513149037000
12/14/2017 7:49:53 AM,79.4000015258789,175.047039538877,12.6999998092651,26.6100006103516,False,1513237793000
12/15/2017 7:22:44 AM,78.9000015258789,173.944728227952,12.6000003814697,26.4400005340576,False,1513322564000
12/17/2017 7:50:00 AM,79,174.16518712615,11.8999996185303,26.4599990844727,False,1513497000000
12/19/2017 7:19:47 AM,78.8000030517578,173.724269329754,12.1000003814697,26.3899993896484,False,1513667987000
12/20/2017 5:48:29 AM,78.0999984741211,172.181023402498,12.6000003814697,26.1700000762939,False,1513748909000
12/21/2017 7:59:03 AM,77.9000015258789,171.740105606102,13.3999996185303,26.0900001525879,False,1513843143000
12/23/2017 7:16:06 AM,79.0999984741211,174.385646024348,12.1999998092651,26.4899997711182,False,1514013366000
12/27/2017 7:32:30 AM,79.5,175.267498437075,12.3000001907349,26.6399993896484,False,1514359950000
1/2/2018 7:46:20 AM,78.9000015258789,173.944728227952,12.8999996185303,26.4400005340576,False,1514879180000
1/3/2018 7:54:44 AM,79.3000030517578,174.826580640679,12.6000003814697,26.5599994659424,False,1514966084000
1/4/2018 7:31:29 AM,78.9000015258789,173.944728227952,12.3999996185303,26.4400005340576,False,1515051089000
1/5/2018 7:20:09 AM,78.6999969482422,173.503793611621,14.1000003814697,26.3700008392334,False,1515136809000
1/9/2018 7:18:45 AM,78.8000030517578,173.724269329754,12.8999996185303,26.3899993896484,False,1515482325000
1/16/2018 7:27:39 AM,78.5,173.062875815225,12,26.2900009155273,False,1516087659000
1/29/2018 7:10:48 AM,78.6999969482422,173.503793611621,13.6999998092651,26.3700008392334,False,1517209848000
2/7/2018 7:33:46 AM,78.5999984741211,173.283334713423,13,26.3400001525879,False,1517988826000
2/10/2018 9:02:59 AM,78.0999984741211,172.181023402498,13.5,26.1599998474121,False,1518253379000
2/21/2018 7:58:43 AM,79.0999984741211,174.385646024348,12,26.4899997711182,False,1519199923000
2/23/2018 9:50:41 AM,79.1999969482422,174.606104922546,12.1000003814697,26.5400009155273,False,1519379441000
3/7/2018 9:15:44 AM,79.1999969482422,174.606104922546,15,26.5400009155273,False,1520414144000
3/19/2018 8:03:35 AM,80.0999984741211,176.590268646198,13.6000003814697,26.8299999237061,False,1521446615000
3/20/2018 7:43:02 AM,79.8000030517578,175.928891951604,14.5,26.7199993133545,False,1521531782000
3/21/2018 7:43:41 AM,79.5999984741211,175.487957335273,13.6000003814697,26.6700000762939,False,1521618221000
3/22/2018 7:03:25 AM,79.8000030517578,175.928891951604,14.3000001907349,26.7399997711182,False,1521702205000
3/26/2018 8:21:11 AM,79.4000015258789,175.047039538877,14.6999998092651,26.6100006103516,False,1522052471000
3/27/2018 7:30:03 AM,79.6999969482422,175.708416233471,13.8000001907349,26.6900005340576,False,1522135803000
3/28/2018 7:19:57 AM,79.1999969482422,174.606104922546,15.6000003814697,26.5400009155273,False,1522221597000
3/29/2018 7:45:42 AM,79.1999969482422,174.606104922546,14,26.5400009155273,False,1522309542000
3/30/2018 6:57:29 AM,79.3000030517578,174.826580640679,14.3999996185303,26.5599994659424,False,1522393049000
4/2/2018 7:05:20 AM,79.5999984741211,175.487957335273,14.3000001907349,26.6700000762939,False,1522652720000
4/3/2018 6:35:16 AM,79,174.16518712615,14.1000003814697,26.4699993133545,False,1522737316000
4/4/2018 7:05:14 AM,78.8000030517578,173.724269329754,12.6999998092651,26.3899993896484,False,1522825514000
4/5/2018 7:03:47 AM,78.6999969482422,173.503793611621,13.3999996185303,26.3700008392334,False,1522911827000
4/6/2018 6:40:50 AM,78.9000015258789,173.944728227952,13.8000001907349,26.4200000762939,False,1522996850000
4/20/2018 6:46:55 AM,79.5,175.267498437075,14.6999998092651,26.6200008392334,False,1524206815000
